TRACTFIPS,X,Y,Census Tract,GEOID,Tract Area (km^2),Total Intersections,Intersection Density,Total Bus Stops,Bus-Stop Density,Total Parking Lots,Parking-Lot/Space Density,Length of Interstate Highway,Length of State Highway,Length of Collector Roads,Length of Local Roads,Length of Pedestrian Crosswalks,Length of Sidewalks,Pedestrian_Fatalities,Pedestrian_Injuries,Pedestrain Crash Frequency,Pedestrian_Accidents,,
55079170700,-87.85081345,42.90423162,170700,55079170700,23.92698268,228,9.528990892,3,0.125381459,3,0.118480429,0,0,9.13893199,76.5889063,8.118190449,53.8111192,0,4,4,4,,4
55079000303,-88.04588828,43.12969342,303,55079000303,17.30091874,44,2.54321754,0,0,3,0.174261033,5.569002902,9.016637043,6.778826101,35.40399708,2.491421794,50.71083189,0,8,8,8,,8
55079021000,-87.89994916,42.96278367,21000,55079021000,13.80895276,136,9.848683121,5,0.362083938,5,0.491492446,0,3.123242305,7.054541044,43.70142695,3.970281708,59.80419972,0,1,1,1,,1
55079009300,-87.98315116,43.06075417,9300,55079009300,6.186763851,167,26.99311046,10,1.61635392,16,1.653831359,0,0.481664536,6.794791606,37.39696687,7.087875466,57.5382151,0,23,23,20,,23
55079005500,-88.03285504,43.08239642,5500,55079005500,13.95349933,331,23.72164804,11,0.788332714,4,0.565922424,0,2.530682182,21.41902798,70.06470895,14.02993621,105.1635725,0,4,4,4,,4
55079001000,-87.95349552,43.12466,1100,55079001000,34.40717705,238,6.917161489,18,0.523146667,22,2.572557705,0,7.504718157,27.0037019,95.29721502,8.019033543,88.29598646,1,28,29,27,,29
55079021200,-87.92103036,42.9653023,21200,55079021200,20.97684741,180,8.580889037,14,0.667402481,32,3.070847245,6.574658554,3.179056073,16.39197269,91.71100118,4.838561741,58.11251609,0,9,9,9,,9
55079013300,-87.96207037,43.0348444,13300,55079013300,6.46676136,114,17.62860784,2,0.309273822,8,2.527224551,9.165084774,1.565413458,4.309445937,33.73792444,4.355887231,32.85531583,0,4,4,4,,4
55079160101,-87.89402773,42.91116922,160101,55079160101,53.51564578,242,4.52204204,0,0,37,0.770333846,0,5.999121048,30.49024088,122.4155766,10.78323583,105.5376561,0,2,2,2,,2
55079005300,-88.01243323,43.07893093,5300,55079005300,7.272846392,232,31.89947752,4,0.549990992,4,0.307428548,0,0,11.93362693,51.6122882,8.434580701,55.3084862,0,8,8,7,,8
55079005700,-88.01310446,43.07139622,5700,55079005700,8.641286811,278,32.17113447,9,1.041511548,7,0.359260645,0,0,11.61889884,57.50730867,9.781860772,69.36395901,0,3,3,4,,3
55079008600,-87.93518468,43.06762982,8600,55079008600,3.275473094,110,33.58293499,3,0.915898227,1,0.118867836,0,0,1.672252821,26.92239035,3.026931386,27.93800392,1,18,19,17,,19
55079186100,-87.94279929,43.04866053,186100,55079186100,5.471881539,207,37.82976633,10,1.827524944,4,0.86469424,0,0,6.812749364,40.10295934,5.921103539,43.38988451,0,12,12,11,,12
55079002900,-87.98132493,43.10834928,2900,55079002900,7.118681468,98,13.76659434,9,1.264279072,2,0.317403122,0,0,10.60367489,28.53905899,3.836220891,48.15152068,1,22,23,20,,23
55079013500,-87.95261774,43.04015625,13500,55079013500,2.747559151,82,29.8446714,9,3.275634666,3,4.272185613,0,0.421036536,5.370456866,16.02605181,2.722171416,20.17151329,1,35,36,36,,36
55079001500,-88.01520796,43.12376216,1500,55079001500,16.09797152,229,14.22539478,9,0.559076651,7,0.54935293,10.51616977,10.77593194,13.4175029,69.17935954,10.31820628,88.19012548,1,13,14,13,,14
55079000302,-88.04650964,43.13923528,302,55079000302,19.91421685,49,2.460553703,10,0.502153817,12,3.431888403,21.59525951,2.194710466,17.7744363,79.14270757,1.668681636,50.01770591,1,18,19,18,,19
55079003700,-87.98336982,43.08546851,3700,55079003700,6.889190725,177,25.69242268,5,0.725774652,0,0,0,0,7.314510612,44.71229021,6.472113027,52.1354967,0,11,11,13,,11
55079019300,-87.99614177,42.99498177,19300,55079019300,9.577879311,204,21.29907815,0,0,1,0.333371065,0,0,8.451132341,52.28082253,8.629231257,72.63544423,0,2,2,2,,2
55079000102,-88.01168155,43.16465172,102,55079000102,70.58914672,211,2.989128071,19,0.269163191,78,4.777977412,0,31.14822631,21.54461639,322.3308246,6.544866143,137.8979943,1,15,16,17,,16
55079170500,-87.85765397,42.89761139,170500,55079170500,9.580384252,54,5.636517135,5,0.521899735,0,0,0,1.790109873,3.289668239,43.8496866,2.673083123,21.17865519,0,3,3,3,,3
55079000201,-88.04725033,43.17995774,201,55079000201,85.75196223,120,1.399384887,15,0.174923111,28,0.809855424,0,26.84375713,18.51730859,168.2911316,3.93523035,77.49782289,1,17,18,20,,18
55079008100,-87.90744445,43.06747969,8100,55079008100,3.024136173,105,34.72065873,6,1.984037641,3,0.931258875,0,0,5.143435392,20.81545549,3.318577395,25.70872049,0,20,20,21,,20
55079021800,-87.95695535,42.94080386,21800,55079021800,9.468048938,104,10.98431162,2,0.211236762,8,7.828178574,0,2.88587966,3.966530153,52.13183607,4.20922204,40.85424777,1,2,3,3,,3
55079019500,-88.0277038,42.97733285,19500,55079019500,14.18322426,214,15.08824764,7,0.493540811,8,0.664724552,0.273781113,0,17.64663309,50.32082739,9.487399553,91.61794025,0,6,6,6,,6
55079005200,-88.01243094,43.08626655,5200,55079005200,7.441567381,209,28.08548109,7,0.940662046,12,1.684491032,0,5.458375236,5.207452455,48.15289825,7.639522276,52.22531137,0,14,14,13,,14
55079010600,-87.90750491,43.06014448,10600,55079010600,3.153279427,194,61.52325048,5,1.585650786,49,2.841114413,0,0,2.974498266,27.87832786,3.031792064,27.98589234,0,10,10,10,,10
55079120300,-87.97377036,42.98091896,120300,55079120300,9.613031645,78,8.113985565,3,0.312076368,7,1.323034274,0,3.237243729,8.108230864,50.76928011,2.785365802,47.48455215,0,9,9,8,,9
55079160301,-87.86866312,42.85505244,160301,55079160301,211.7749713,120,0.566639199,0,0,15,0.236770855,0,44.76524004,59.50565175,259.5985259,5.304654345,95.20491996,0,5,5,4,,5
55079012600,-87.99443173,43.03404525,12600,55079012600,8.542277066,238,27.86142362,5,0.585324026,36,2.988069395,0.563480161,2.529182448,3.319765415,56.18048093,7.978287047,69.74407236,0,14,14,14,,14
55079160206,-87.94396378,42.87990143,160206,55079160206,20.44427077,28,1.369576852,0,0,21,2.569237102,8.213142375,11.7072664,0.33484494,67.27716265,1.245452225,13.53679279,1,6,7,7,,7
55079150304,-88.02756677,42.91519391,150304,55079150304,76.75062697,172,2.241024038,0,0,37,1.665021676,0,33.5471299,31.39724427,190.0197937,4.349070254,62.3397534,0,7,7,7,,7
55079009400,-87.98310174,43.05335597,9400,55079009400,6.551543339,174,26.55862764,5,0.763178955,5,0.883655509,0,0,13.3552685,28.53204237,7.191454883,58.04452205,0,11,11,9,,11
55079002800,-87.97142571,43.10831431,2800,55079002800,7.127891625,132,18.51880008,8,1.12235152,4,1.93049807,0,0,10.83788186,30.79136961,5.512948567,47.73059363,2,35,37,35,,37
55079002300,-87.93622316,43.1059945,2300,55079002300,19.993448,385,19.25630837,26,1.300426019,11,1.285459515,0,11.62690341,14.74921669,99.21241446,12.50708473,111.8898856,1,28,29,30,,29
55079004100,-87.95679006,43.09412429,4100,55079004100,15.52145358,253,16.30001976,16,1.030831289,7,3.054746228,0,5.589373237,7.403226553,76.72703123,9.46947887,75.90519564,0,19,19,18,,19
55079001400,-88.01657593,43.13090921,1400,55079001400,12.04787741,139,11.53730199,8,0.664017381,14,1.224713596,4.74276667,2.209238922,11.59143024,42.8977217,5.727223367,56.14681955,2,9,11,11,,11
55079013600,-87.9527574,43.04370341,13600,55079013600,4.239000347,99,23.35456284,8,1.887237402,11,3.476559138,0,6.396109342,3.167500625,21.19749237,3.382441642,26.16928432,3,22,25,27,,25
55079000800,-87.97373364,43.14065873,800,55079000800,32.92866297,153,4.646407908,11,0.33405547,8,0.571826533,0,6.062641478,25.75787218,116.5577611,5.542898001,113.450032,0,11,11,10,,11
55079014800,-87.94020596,43.04213137,14800,55079014800,3.717496598,134,36.04576264,6,1.613989372,18,12.73411978,0,2.698050313,4.942200709,30.00201444,4.609679506,30.10581784,0,17,17,22,,17
55079050104,-87.96673933,43.16098996,50104,55079050104,33.01910376,114,3.452546769,8,0.242283984,5,0.671079202,0,8.165311283,35.75903899,100.0812962,2.661765863,70.44284604,0,5,5,5,,5
55079101200,-88.02773434,42.99181025,101200,55079101200,14.56748894,217,14.8961843,10,0.686460106,22,2.071566278,3.658090295,0,20.33020458,65.34046318,8.688544674,87.02285096,0,9,9,8,,9
55079013000,-87.98767762,43.02770868,13000,55079013000,6.976561461,112,16.05375379,4,0.57334835,8,1.228631411,9.1082898,0,5.65594178,37.54205688,4.338164999,45.07661378,0,11,11,11,,11
55079019700,-88.00742427,42.97571629,19700,55079019700,20.42175464,255,12.48668415,6,0.293804333,19,1.846487662,0,0.300840013,24.8988106,91.66583676,11.10821159,119.963587,0,7,7,8,,7
55079160205,-87.9246896,42.87959506,160205,55079160205,34.97026874,133,3.80323071,5,0.142978598,31,3.796245013,9.923277376,14.60150975,9.614171751,106.1582971,3.17067715,32.94533714,0,2,2,2,,2
55079035200,-87.90707966,43.1601284,35200,55079035200,41.89632066,58,1.384369775,8,0.190947555,32,1.707021738,0,0,43.3324246,147.6329868,1.659388384,91.3920953,0,3,3,4,,3
55079080100,-87.89774602,43.09555635,80100,55079080100,10.80140566,205,18.9790113,16,1.481288687,9,1.2411904,0,1.159238917,5.841293394,54.96567966,7.533338561,67.76907785,0,5,5,5,,5
55079060102,-87.93976354,43.14866373,60102,55079060102,32.77351789,40,1.220497602,6,0.18307464,9,1.192721551,0,23.36005217,8.588698673,122.609657,1.323063635,63.3033291,0,6,6,6,,6
55079014300,-87.90102144,43.04273958,14300,55079014300,2.72414127,153,56.16448813,11,4.037969735,38,12.76183695,0,0,7.95147271,19.22244908,3.679880048,34.3437319,0,15,15,14,,15
55079090800,-88.01755446,43.06308032,90800,55079090800,8.534042477,140,16.40488671,5,0.585888811,10,0.730766417,0,0,3.284224413,38.32904154,6.909420991,64.04709698,0,4,4,4,,4
55079018200,-87.88052173,42.99116761,18200,55079018200,20.76046507,164,7.899630351,3,0.144505433,15,0.549628976,0,0,4.916646564,35.13659311,3.211390876,43.34027518,0,3,3,3,,3
55079018700,-87.92992042,42.99559155,18700,55079018700,5.31090038,99,18.64090699,5,0.941459949,6,1.102108223,0,0,5.15949585,30.65629958,3.584976167,37.00485754,1,11,12,11,,12
55079001800,-87.99854398,43.11585547,1800,55079001800,10.68087782,219,20.5039327,11,1.029877898,12,0.872058568,6.924809425,6.656341078,15.75654514,50.98594404,9.780794847,68.46056511,0,14,14,16,,14
55079018600,-87.9225626,42.99558349,18600,55079018600,5.188135626,112,21.5877163,3,0.578242401,7,1.509910407,0,0,4.234800976,31.35006314,3.898561696,37.10929822,0,5,5,6,,5
55079004200,-87.94545392,43.09517355,4200,55079004200,7.478775426,235,31.42225654,19,2.540522869,3,0.587522496,0,2.18972833,9.016845892,49.45301133,9.482495461,60.95946175,5,76,81,80,,81
55079000600,-88.00191115,43.14011109,600,55079000600,42.12083843,367,8.71302694,25,0.593530446,32,3.716203879,0,15.69024887,20.58369081,180.6359294,15.10040334,172.0268956,0,40,40,42,,40
55079001100,-87.96902004,43.12769781,1200,55079001100,13.28644025,224,16.85929382,20,1.505294091,7,3.136518495,0,2.767067546,19.83229681,58.34819892,7.708761405,67.26390263,1,55,56,49,,56
55079001700,-88.01621831,43.10856703,1700,55079001700,14.35759971,335,23.33259088,26,1.81088765,10,3.137460145,0,10.43496971,19.07859746,77.83272034,12.75071269,90.97990987,3,41,44,46,,44
55079001300,-87.99843976,43.12679184,1300,55079001300,21.4180226,371,17.32186052,17,0.793724067,17,1.198727833,0,11.97211275,21.35513346,113.0775998,11.97658013,97.76513337,3,44,47,46,,47
55079000700,-87.99008498,43.15589068,700,55079000700,42.45855021,108,2.543657272,15,0.353285732,23,1.124115864,0,13.8752808,12.42581374,157.533123,2.906225986,84.15163317,0,10,10,13,,10
55079006000,-87.97554608,43.067956,6000,55079006000,4.49225967,131,29.16127064,5,1.113025597,1,0.223717116,0,0,4.360185313,31.38905199,4.183015825,36.02689591,0,42,42,37,,42
55079003400,-88.02439075,43.09350639,5900,55079003400,9.22612681,288,31.21569928,23,2.492920429,10,1.124949251,0,4.047300435,12.41750556,51.72067024,12.9573437,83.53097394,0,43,43,44,,43
55079185800,-87.94265811,43.05387661,185800,55079185800,4.762830745,196,41.15199773,8,1.679673377,2,0.293200184,0,0,8.227269285,35.67899253,6.396857697,39.88619471,0,13,13,14,,13
55079020500,-87.92272966,42.98832958,20500,55079020500,5.180941222,157,30.30337409,7,1.351105851,5,0.928222516,0,0,4.695210816,39.32144442,5.095110139,42.30970879,1,15,16,17,,16
55079000501,-88.04340818,43.11540058,501,55079000501,43.89407563,190,4.328602374,21,0.478424473,34,2.486207386,9.05472149,19.01001434,22.94197253,121.9210778,8.736724312,101.268493,0,22,22,22,,22
55079020300,-87.92659581,42.97925075,20300,55079020300,15.73806618,249,15.82151182,10,0.635402081,5,0.340837646,0,0,15.89049332,90.87591209,7.927785573,83.34764041,0,8,8,9,,8
55079000900,-87.955675,43.14970981,900,55079000900,38.03075024,158,4.154532818,23,0.604773765,41,1.604031718,0,10.56859055,28.83878824,137.8484702,5.663108639,89.24736865,0,20,20,19,,20
55079180500,-87.87472124,42.93726701,180500,55079180500,33.87643583,250,7.379761,11,0.324709484,10,0.606408871,0,13.33393925,19.81106424,116.1726705,9.722634756,123.3296418,0,8,8,8,,8
55079187200,-88.00769583,42.86381964,187200,55079187200,422.0372201,113,0.267748897,0,0,25,0.44627057,0,42.79326943,86.64943935,485.6261573,5.517419358,94.37506004,0,4,4,4,,4
55079187300,-87.96563614,42.88716781,187300,55079187300,84.63704866,94,1.110624738,0,0,20,0.280947394,0,25.2663948,16.70176267,210.5062656,3.871611984,57.00950439,0,3,3,3,,3
55079005400,-88.02260399,43.08248658,5400,55079005400,14.59538671,380,26.03562396,11,0.753662799,28,2.819974096,0,5.538000757,16.63157929,92.63999042,12.90894366,94.73667344,2,15,17,14,,17
55079000304,-88.02645195,43.14364873,304,55079000304,36.41143465,148,4.064657199,9,0.2471751,10,1.022120278,12.08421331,16.93472075,20.13037782,84.94680345,7.703916518,112.2080532,1,33,34,27,,34
55079130200,-88.05888118,42.93734057,130200,55079130200,30.23301503,113,3.737635822,0,0,12,1.07425924,0,12.07644883,19.33677134,114.1828353,3.243960701,13.4617249,0,3,3,2,,3
55079040100,-87.93528024,43.17164246,40100,55079040100,149.6590823,11,0.073500384,3,0.020045559,17,0.378985334,34.96201347,35.71345847,56.93442012,344.7410481,0.323616258,132.9766872,0,2,2,2,,2
55079140202,-87.98156575,42.93443202,140202,55079140202,44.79641518,147,3.281512581,0,0,19,1.177957239,0,4.199607819,27.88116186,123.5723125,6.452849465,125.8923453,0,2,2,2,,2
55079091000,-87.99706351,43.06434115,91000,55079091000,11.97101812,287,23.97456901,9,0.751815753,23,1.161119647,0,0,9.877599323,66.35755901,11.43266856,100.0746897,1,16,17,16,,17
55079002700,-87.97177465,43.10083522,2700,55079002700,7.43891588,76,10.21654247,5,0.672140952,1,0.220090276,0,0,10.23960063,25.75511358,3.385497474,42.40116438,1,11,12,12,,12
55079003000,-87.99619667,43.10851849,3000,55079003000,14.22947187,321,22.55881334,15,1.054150156,6,0.440897106,4.991871603,5.736172872,24.98210173,77.53182812,13.3096567,100.7625355,0,28,28,25,,28
55079002000,-87.96816281,43.11563526,2000,55079002000,11.67614659,203,17.38587285,14,1.199025714,5,1.453235228,0,6.824617886,15.7105801,51.89332015,7.399122004,63.78566439,0,28,28,23,,28
55079006500,-87.94230079,43.07974122,6500,55079006500,5.44201265,149,27.37957619,7,1.286288815,2,0.176825851,0,0,3.312687028,39.33312648,4.726755622,46.08114119,0,30,30,33,,30
55079186200,-87.9324545,43.04857434,186200,55079186200,5.762196407,137,23.77565607,12,2.082539218,18,3.530349451,0,0.144761147,7.977249296,29.63598258,5.505611026,42.96808427,2,22,24,20,,24
55079009100,-87.96853431,43.06068342,9100,55079009100,5.516390046,182,32.9925909,14,2.537891607,6,1.05299233,1.908390393,0.618850857,12.03745553,35.19443599,6.739401241,43.62806203,2,43,45,45,,45
55079180400,-87.85634206,42.93710028,180400,55079180400,18.08746167,253,13.98759011,15,0.829303761,10,3.814846759,0,0.776614151,17.27171044,96.04374335,7.952435361,89.6703379,0,12,12,12,,12
55079000502,-88.03129337,43.12481441,502,55079000502,19.3346589,259,13.39563327,13,0.672367693,27,2.76836168,6.101906603,12.10562584,11.17674721,91.40163991,9.616691931,80.31179007,2,46,48,51,,48
55079018900,-87.95323197,42.995672,18900,55079018900,6.742195765,144,21.35802712,8,1.186557062,2,4.057878405,0,8.84847223,6.560619295,42.70131633,4.652012872,44.14398276,0,12,12,12,,12
55079003500,-87.99830734,43.0936403,3500,55079003500,12.56052644,353,28.10391758,14,1.114602964,19,2.409899444,0,8.157047797,4.266896434,89.69487588,13.00761444,96.2651496,0,36,36,38,,36
55079003200,-88.00111837,43.10116662,3200,55079003200,8.816211955,260,29.491124,10,1.134274,5,1.08485336,0,4.035317959,9.291747719,59.63448714,9.00948941,67.10951197,0,16,16,15,,16
55079019900,-87.9823686,42.97318311,19900,55079019900,16.91282845,333,19.68919634,12,0.709520589,10,1.60836017,0,5.847324456,24.97145672,83.26067154,11.74797114,103.8279632,1,7,8,8,,8
55079000202,-88.04131341,43.1603941,202,55079000202,85.36680471,167,1.95626392,20,0.234283104,44,2.595695577,40.32055499,19.07754431,55.57706689,237.8847927,7.312176463,180.2623424,4,22,26,20,,26
55079002200,-87.933566,43.11468627,2200,55079002200,12.38448584,115,9.285811415,12,0.968954235,2,0.319480957,0,10.02738246,3.725159857,37.4192114,4.560358491,51.81375253,1,13,14,13,,14
55079014700,-87.93551431,43.04221223,14700,55079014700,2.916293675,116,39.77651531,7,2.400306958,37,9.475894629,0,2.116004725,6.688671276,17.77067541,3.923971218,25.52079715,0,29,29,32,,29
55079000400,-88.05554613,43.11096833,400,55079000400,26.17559479,103,3.934963114,15,0.573052881,40,2.904460398,18.75648497,14.31193226,15.3532189,68.75995235,4.364811561,50.36962913,2,8,10,10,,10
55079000101,-88.00920052,43.18511669,101,55079000101,43.20871533,125,2.892934887,22,0.50915654,79,4.982802764,0,33.95102804,4.747209471,188.0362835,5.810859288,68.78965727,1,28,29,31,,29
55079185200,-87.88195135,42.96771011,185200,55079185200,32.67348486,356,10.89568503,27,0.826358135,18,2.145893955,0,25.76798668,28.62986388,134.7181389,12.17249099,127.8312979,0,5,5,5,,5
55079005000,-87.98328215,43.07665945,5000,55079005000,12.36945834,366,29.58900784,16,1.29350854,8,1.764938562,0,1.908124297,21.87664948,76.14668524,14.03417585,102.8682457,1,22,23,20,,23
55079021400,-87.9389248,42.96296759,21400,55079021400,13.91875684,144,10.34575154,12,0.862145961,34,5.968145921,41.55485316,3.230541627,17.67877224,54.49220597,4.772623816,50.72893915,2,19,21,17,,21
55079185100,-87.86544937,42.97497223,185100,55079185100,58.36431125,370,6.339490556,9,0.154203824,47,1.229311127,0,1.14992843,33.37882017,136.8101483,13.18969453,119.0766326,1,8,9,7,,9
55079021100,-87.91445168,42.97015762,21100,55079021100,6.972956664,155,22.22873416,6,0.860467129,10,1.084952896,10.42028227,2.668874967,2.638009036,40.87602695,5.137524499,42.09673593,0,3,3,5,,3
55079005800,-87.99995211,43.07231161,5800,55079005800,10.97415577,299,27.2458316,12,1.093478191,8,1.97733389,0,0.12818343,18.52576101,66.28555922,11.96570523,87.32361478,0,20,20,21,,20
55079090100,-88.0483462,43.09734932,90100,55079090100,48.8669399,111,2.271474339,6,0.122782397,35,2.648828489,17.48565641,16.55554526,12.81749355,170.2140089,3.321268069,99.16666448,0,5,5,5,,5
55079120501,-87.96682865,42.94074111,120501,55079120501,28.27151465,67,2.369876564,1,0.035371292,3,0.338929582,0,7.876328305,16.66806795,97.73608345,2.852852877,53.07508374,0,2,2,1,,2
55079150303,-88.02313059,42.88961727,150303,55079150303,72.15964366,88,1.219518217,0,0,8,0.553483853,0,26.75180948,11.50394707,162.215613,3.014155527,56.44878675,0,4,4,4,,4
55079018400,-87.90418093,42.99171443,18400,55079018400,7.928386091,155,19.55000655,7,0.882903522,8,3.532511878,0,2.435162568,5.296067579,38.20926837,4.964615614,43.32634072,0,8,8,8,,8
55079012400,-87.97679139,43.0458136,12400,55079012400,14.30567575,143,9.996032516,20,1.398046506,6,2.111278897,10.00837026,0,21.99004518,57.2377001,5.311130072,66.25643449,0,5,5,5,,5
55079005600,-88.02759513,43.07105856,5600,55079005600,13.40809105,245,18.27254895,12,0.894981989,15,2.353161805,0,0,17.86658169,70.28395372,8.769969755,69.09327539,0,5,5,5,,5
55079018300,-87.89287076,42.99136959,18300,55079018300,7.305537912,219,29.97725871,13,1.779471978,19,1.700754273,0,3.824122207,7.908238178,46.00196691,5.818536709,51.56096269,1,22,23,23,,23
55079002100,-87.95316328,43.11553761,2100,55079002100,9.73816843,197,20.2296768,20,2.053774295,3,0.174951213,0,5.41817431,12.06404819,55.22769404,6.680489872,55.68020781,4,38,42,41,,42
55079009600,-87.9649203,43.05278416,9600,55079009600,11.24532081,203,18.05195276,20,1.778517514,19,2.121912788,6.242879091,0,16.99868245,43.92823058,6.3019481,48.54154575,1,33,34,36,,34
55079009800,-87.95410204,43.05978636,9800,55079009800,4.773125916,127,26.60730143,7,1.466544173,8,1.559846423,0,0,2.180338567,32.74031844,4.338054991,36.31323575,1,47,48,50,,48
55079008400,-87.92333187,43.06759106,8400,55079008400,4.951669038,115,23.22449241,11,2.221473187,2,0.897876187,8.288430939,0,8.627906506,23.4108551,3.431054753,31.1262924,0,14,14,14,,14
55079004000,-87.9720579,43.09346955,4000,55079004000,6.916353275,209,30.21823665,5,0.722924322,6,1.032481332,0,3.03950255,5.853589096,49.96576289,7.053746805,51.88448497,0,18,18,19,,18
55079009000,-87.9610899,43.06036395,9000,55079009000,5.455197124,197,36.11235223,10,1.833114326,8,1.928670105,0,0,4.702036564,45.53273037,5.94728195,47.10944799,2,43,45,41,,45
55079020100,-87.94100273,42.98849056,20100,55079020100,20.62293192,378,18.3291106,24,1.163753054,52,4.047583652,0,4.657708637,18.75474066,112.3889635,10.74381138,89.29211152,1,37,38,38,,38
55079003300,-88.01731236,43.10105346,3300,55079003300,15.95120763,371,23.25842711,24,1.504588277,17,1.915739085,0,9.78020575,23.83677142,92.4912801,13.89368015,112.1150494,0,24,24,24,,24
55079021500,-87.94398884,42.95210692,21500,55079021500,14.00490567,242,17.2796594,11,0.785439064,9,0.947850622,0,6.445502934,13.38184553,59.10290369,9.875877836,87.30730169,1,15,16,16,,16
55079019200,-87.98584108,42.99283508,19200,55079019200,15.44371807,228,14.76328426,10,0.647512468,3,0.664538479,0,0,21.03513409,67.15199262,9.494493224,96.8678558,0,13,13,12,,13
55079019600,-88.00770279,42.98466526,19600,55079019600,14.13477828,303,21.43648765,10,0.70747484,13,3.06121973,0,0,20.15573876,79.41778825,11.59144675,100.2205193,0,9,9,9,,9
55079120201,-88.0186958,42.96738784,120201,55079120201,20.17058854,83,4.114902241,11,0.54534849,48,4.051187713,7.060937224,3.752776905,15.28831812,73.51578195,2.145492615,20.77146747,0,5,5,5,,5
55079185900,-87.93229807,43.05384602,185900,55079185900,5.231203069,165,31.54150161,11,2.102766774,12,2.906642295,0,5.39976497,10.40526742,33.65801828,5.98819282,40.75559744,1,22,23,19,,23
55079012700,-88.01228429,43.02968583,12700,55079012700,10.98749204,103,9.374295756,8,0.728100641,16,10.80560114,8.369806533,0.568819973,14.07213816,61.61657411,4.367046704,48.48121084,2,9,11,13,,11
55079020900,-87.90186882,42.97014166,20900,55079020900,10.97375325,193,17.58741933,2,0.18225305,13,1.140846616,0,2.693602592,10.81348367,46.05136289,7.745807426,70.97560659,0,7,7,6,,7
55079012800,-88.03146842,43.03059761,12800,55079012800,29.5940378,213,7.197395685,21,0.709602392,45,7.146638068,70.93333754,11.92974655,16.75334481,116.8614276,7.714549642,74.16605676,2,12,14,10,,14
55079012500,-87.97656019,43.03709459,12500,55079012500,19.74740703,167,8.456806495,13,0.658314278,16,4.012557198,29.89753592,7.198009491,18.88471538,92.92551099,7.608650434,72.78483606,1,17,18,16,,18
55079009500,-87.97535948,43.05301754,16000,55079009500,4.288042263,112,26.11914555,8,1.865653254,13,1.155140713,0,3.520890807,1.708667819,31.62385835,3.23131795,34.23357996,0,45,45,38,,45
55079091400,-87.99385381,43.04032918,91400,55079091400,8.757611184,141,16.10028089,4,0.456745557,9,0.740224094,0,1.047831055,8.345959315,32.71396426,6.962784571,72.90485858,0,5,5,4,,5
55079006300,-87.95228114,43.07636456,6300,55079006300,9.410835253,182,19.33940985,17,1.806428393,3,1.121245754,0,2.24450371,9.226117888,51.7539524,5.337848356,54.10403771,1,48,49,46,,49
55079009700,-87.95262749,43.05394773,9700,55079009700,4.838908632,193,39.8850267,10,2.066581695,2,0.37962201,0,0,6.012628677,36.2169537,6.422837901,42.19772663,2,31,33,25,,33
55079017200,-87.95619651,43.00290321,17200,55079017200,5.266839265,144,27.34087614,8,1.518937563,0,0,0,0.863737135,4.600513593,40.18917061,3.695141547,34.17801037,1,10,11,9,,11
55079017100,-87.9580767,43.01058106,17100,55079017100,7.327849031,172,23.47209928,11,1.501122629,6,2.921200083,0,0,8.728960388,45.80257912,5.228574783,50.07071994,2,26,28,28,,28
55079185500,-87.92625522,43.06018459,185500,55079185500,9.584541631,220,22.95362767,20,2.086693425,23,3.511723555,11.66663666,0.453490587,13.14957148,52.53073267,7.487653865,64.96656848,0,30,30,31,,30
55079006900,-87.91078835,43.07980363,6900,55079006900,5.458293568,168,30.77885019,4,0.732829766,3,1.000698724,0,0,7.11782642,35.1229237,5.481218132,45.11905481,1,24,25,22,,25
55079006200,-87.96097724,43.06791093,6200,55079006200,5.09732088,150,29.42722335,10,1.96181489,0,0,0,0,4.404253586,36.52520664,4.716242681,42.59370523,0,39,39,39,,39
55079002600,-87.96194126,43.10067651,2600,55079002600,7.566038618,241,31.85286412,11,1.453865167,3,0.901881019,0,0,14.1950568,51.36136294,7.587076497,65.88788585,3,26,29,30,,29
55079004900,-87.97232119,43.07706953,4900,55079004900,10.71323745,322,30.05627398,13,1.213452055,6,0.701994226,0,0,14.29466022,69.82044066,11.60208613,87.38338282,2,46,48,49,,48
55079014600,-87.93033212,43.04238677,14600,55079014600,4.385737428,145,33.06171479,13,2.96415374,32,9.645267109,0,3.682952888,10.57345554,26.88778072,4.996936341,32.12596296,0,36,36,38,,36
55079021300,-87.93887792,42.97023271,21300,55079021300,13.87153284,126,9.083350875,8,0.576720691,21,6.622102884,0,3.596536613,17.24662765,51.23379971,3.959031978,41.36433498,0,7,7,7,,7
55079012300,-87.96195953,43.04359251,12300,55079012300,8.307242356,147,17.69540284,22,2.648291582,12,5.541181961,0,3.826028577,12.83273167,49.3011757,4.240629268,38.29359403,2,17,19,17,,19
55079050101,-87.98493926,43.1768262,50101,55079050101,53.07474272,84,1.582673711,15,0.282620305,38,1.683183315,0,11.93272156,33.3945023,195.3942941,4.064960775,175.4146726,1,23,24,23,,24
55079180100,-87.851093,42.95310568,180100,55079180100,48.67195116,283,5.81443713,11,0.226002857,5,0.342609022,0,0,11.22762742,92.81024534,10.78216011,82.67082041,0,10,10,9,,10
55079008000,-87.90283588,43.06748848,8000,55079008000,3.535336114,127,35.92303416,7,1.980009757,1,0.40173647,0,0,1.376853775,27.66133845,3.319271877,28.82074128,0,9,9,8,,9
55079150301,-88.05345734,42.89784878,150301,55079150301,173.6085589,87,0.501127367,0,0,11,0.350243964,0,43.15038565,49.92989266,286.2889735,3.17115504,74.25896404,0,4,4,4,,4
55079006400,-87.94235396,43.07422611,6400,55079006400,5.296909495,142,26.808085,12,2.265471972,5,1.303096262,0,0,5.291568521,32.54398679,4.52703951,41.66629238,3,68,71,73,,71
55079006800,-87.92500784,43.07969132,6800,55079006800,6.48220684,139,21.44331451,6,0.925610698,3,0.36081569,4.77940582,0,4.097597059,40.46833993,4.821774891,49.73570058,1,28,29,30,,29
55079007000,-87.91123039,43.0742537,35100,55079007000,61.35907251,25,0.40743771,0,0,2,0.09882641,0,14.03830887,5.210563114,126.1445969,0.74793054,48.47268221,0,4,4,4,,4
55079186000,-87.92040451,43.05396526,186000,55079186000,6.316615606,209,33.0873387,17,2.691314631,66,9.988330926,3.972130384,0,11.73996849,43.57851384,5.443548545,49.99276148,1,16,17,19,,17
55079020400,-87.93009121,42.98834814,20400,55079020400,5.304954964,181,34.11904554,10,1.88503014,11,1.806818541,0,0,6.106309227,40.60489267,5.313458032,42.53706653,0,16,16,18,,16
55079021600,-87.92488116,42.95226506,21600,55079021600,40.17177298,292,7.268785477,21,0.52275512,67,7.960390843,33.36656749,4.378501696,37.53145911,211.3617057,8.944337995,116.6886353,0,16,16,16,,16
55079001600,-88.01600252,43.11589446,1600,55079001600,14.29173895,128,8.956222926,14,0.979586883,6,2.674405436,9.112429665,8.662394285,10.78664657,68.82077119,5.531245783,55.95393703,1,18,19,21,,19
55079008700,-87.93997641,43.06782428,8700,55079008700,3.568585486,122,34.18721521,4,1.120892302,2,0.184982371,0,0,5.307438891,25.9292907,3.329924642,29.37188724,3,16,19,16,,19
55079001900,-87.98368022,43.11569444,1900,55079001900,10.61770589,236,22.22702366,16,1.506916859,8,1.124793941,0,4.068186958,12.5133376,45.51809274,8.369342252,75.89755565,0,31,31,32,,31
55079014900,-87.94482372,43.03705241,14900,55079014900,3.86757437,141,36.45695894,8,2.06847994,19,8.029283549,1.028709364,1.59912696,7.182374871,26.5808332,4.033856314,29.24446039,2,21,23,21,,23
55079019100,-87.96550016,42.98217348,19100,55079019100,16.97548782,239,14.07912412,22,1.295986321,20,2.677138749,0,3.814339687,18.92871425,90.5921612,9.216972099,83.99197334,0,4,4,5,,4
55079020200,-87.9411308,42.97753563,20200,55079020200,10.30235361,206,19.99543093,5,0.485325994,6,2.22178876,0,2.90223026,9.814807384,58.55457179,6.987091065,68.97964905,0,10,10,9,,10
55079160102,-87.92320771,42.9167764,160102,55079160102,130.5177909,303,2.32152259,26,0.199206559,78,3.187080456,28.48859539,35.2352847,71.97242045,405.7841231,10.03310901,83.94988344,2,18,20,20,,20
55079160202,-87.87520119,42.88122894,160202,55079160202,136.8578158,182,1.329847323,1,0.007306853,21,0.480954288,0,18.78774044,45.15973776,275.970619,5.10690829,96.0214178,1,8,9,8,,9
55079007200,-87.89807923,43.07778381,7200,55079007200,9.171506262,188,20.49826873,14,1.52646682,9,1.391064613,0,0,8.075624518,53.22482437,5.293245696,52.16385379,0,16,16,16,,16
55079140100,-88.01886974,42.9374538,140100,55079140100,61.29504138,217,3.540253748,5,0.081572667,19,0.786977777,0,2.415255487,29.82077697,156.6651773,3.39188371,42.08081763,0,1,1,2,,1
55079160203,-87.91639499,42.89403516,160203,55079160203,98.25899317,393,3.999633899,14,0.142480597,73,2.482752635,15.92064344,21.05591134,65.10050018,256.5806987,13.97971217,131.2183323,0,13,13,11,,13
55079004500,-87.92227529,43.08551699,1000,55079004500,16.69841858,211,12.63592711,17,1.018060478,4,1.207035998,0,6.407490561,12.71319135,77.59660949,7.273600581,78.71858318,0,22,22,23,,22
55079006600,-87.93135808,43.07540729,6600,55079006600,10.23961912,191,18.65303756,23,2.246177298,2,0.392499283,0,0,14.73939526,60.58399675,6.670665167,65.52140777,4,38,42,44,,42
55079017400,-87.93830434,43.00477417,17400,55079017400,3.541511665,110,31.06018289,7,1.976557093,2,0.273552213,0,0,9.434830893,22.49152314,3.316422518,29.47338154,0,28,28,28,,28
55079008500,-87.92987752,43.06776963,8500,55079008500,4.325077852,131,30.28847214,15,3.468145664,10,2.925755033,0,0,6.682096567,26.445774,3.993429822,35.82834923,0,27,27,26,,27
55079101800,-88.00970381,42.99374253,101800,55079101800,16.63170326,170,10.22144258,12,0.721513594,15,1.407277767,0,0,28.59865313,62.47486839,7.004078383,80.51656598,1,28,29,27,,29
55079002500,-87.96218629,43.10797208,2500,55079002500,6.017615687,167,27.75185533,14,2.326502842,2,0.318719516,0,0,8.256957037,36.16135026,6.510395057,47.58522381,0,34,34,35,,34
55079019400,-88.02756283,42.98458603,19400,55079019400,14.12532223,236,16.70758346,10,0.707948452,19,2.481263861,0,0,26.76515821,63.63246298,7.800320005,78.80769335,1,6,7,8,,7
55079020600,-87.90444922,42.98104194,20600,55079020600,14.38620557,334,23.21668478,9,0.625599291,15,1.011230619,0,5.557831195,12.79616502,85.29765718,11.50242549,96.64889992,1,9,10,11,,10
55079180200,-87.85507588,42.95466278,180200,55079180200,12.32834477,356,28.8765448,16,1.297822238,2,0.163555089,0,0,5.833897253,91.51851448,12.13463788,97.63110374,0,14,14,14,,14
55079009200,-87.97561076,43.06069835,9200,55079009200,4.423264095,133,30.06829282,9,2.034696506,15,4.095968234,0,2.077832831,4.741547145,28.84771053,5.144810866,37.24869159,1,26,27,28,,27
55079035100,-87.89520006,43.15596204,120400,55079035100,52.0079795,209,4.018614105,24,0.461467648,38,2.257639568,38.9151699,22.60662675,43.74061487,198.6282101,6.389492442,85.78797959,0,21,21,19,,21
55079018100,-87.88878389,42.99608516,18100,55079018100,12.65427063,157,12.40687864,4,0.316098819,18,1.383455974,0,3.676065368,8.304740372,35.47673592,3.54788399,45.26611013,1,7,8,8,,8
55079016100,-87.95947223,43.01609866,16100,55079016100,6.446379784,207,32.11104634,14,2.171761589,5,2.017918944,0,0,5.084485482,52.38032292,5.791699008,47.82738504,0,15,15,13,,15
55079015800,-87.93762369,43.02166819,15800,55079015800,4.647363584,163,35.07364919,9,1.936581857,14,3.681099113,0,2.880635889,1.936089997,32.5965865,5.46693449,35.86732852,3,41,44,48,,44
55079013400,-87.95358703,43.03480797,21700,55079013400,138.7330566,503,3.625667972,50,0.360404371,81,3.200978107,66.44044761,26.78983415,76.75242985,388.7967177,17.54898463,223.8688073,0,38,38,39,,38
55079003600,-87.98321744,43.09274433,3600,55079003600,10.91938542,293,26.83301199,19,1.740024669,48,11.86372692,0,13.60683602,10.641124,98.08078546,11.54073289,60.1793381,2,54,56,57,,56
55079005900,-87.98524173,43.06821924,4400,55079005900,25.94469401,381,14.68508358,27,1.040675214,27,4.319078856,0,12.4486034,12.32311156,131.1605434,10.12934849,109.769654,0,67,67,64,,67
55079003100,-87.98607664,43.10092577,3100,55079003100,13.59254248,281,20.67310074,17,1.25068581,17,1.133733426,0,7.398639734,16.32118413,79.96595187,10.82369224,92.54834626,5,32,37,34,,37
55079003900,-87.96215271,43.08621096,3900,55079003900,7.25655487,225,31.00644921,7,0.964645086,7,1.426485097,0,3.488329897,8.907558136,46.87300139,9.322165185,55.24127488,1,37,38,35,,38
55079012900,-87.99989776,43.02814462,12900,55079012900,11.46762934,243,21.19008147,9,0.784817832,11,2.333545272,12.56056526,0,17.8299676,66.615884,9.007860536,81.05339147,0,15,15,16,,15
55079170400,-87.87343297,42.89849053,170400,55079170400,16.9367755,140,8.266036236,0,0,0,0,0,0.470209669,17.39560463,57.26694535,5.992934511,51.82526646,0,8,8,8,,8
55079100800,-88.05711405,43.02366139,100800,55079100800,28.54809718,146,5.11417623,17,0.595486273,3,0.235323926,17.81148116,11.82371381,7.99297362,135.3672868,6.032945529,34.32013556,0,11,11,11,,11
55079170600,-87.86322036,42.90772112,170600,55079170600,16.1206474,352,21.83535136,10,0.620322482,16,3.485438349,0,6.769789353,5.094901255,112.251551,11.56350995,84.53215094,0,17,17,21,,17
55079020700,-87.89283472,42.98040094,20700,55079020700,19.28291811,383,19.86213901,19,0.985328045,17,0.968593286,0,0,11.3468742,108.2642642,12.51165224,116.1306637,0,15,15,12,,15
55079011000,-87.89726606,43.05006949,11000,55079011000,3.024608801,218,72.07543665,14,4.628697766,70,8.865862726,0,0,5.067566862,31.54605877,2.659932865,33.3332606,0,15,15,17,,15
55079017900,-87.90505579,42.9987866,17900,55079017900,6.636189359,232,34.95982219,14,2.109644442,26,2.135720295,0,0,5.925369766,50.91191887,6.910811081,55.59506407,2,11,13,13,,13
55079186900,-87.88797404,43.05231934,186900,55079186900,4.71645339,76,16.11380283,6,1.272142329,26,3.605881011,0,7.151257356,2.011901362,17.54143027,1.092139617,16.31766785,1,14,15,14,,15
55079091100,-88.00382492,43.05494591,91100,55079091100,18.67126371,254,13.60379265,10,0.535582388,5,0.533500211,0,0,14.90935208,74.57604866,11.28722216,133.6536151,0,14,14,15,,14
55079011200,-87.89750244,43.05535145,11200,55079011200,4.449548565,325,73.04111759,9,2.022677103,62,5.218711731,0,0,4.262132261,35.79771316,3.399473414,49.25362262,1,29,30,36,,30
55079090200,-88.05196771,43.0819432,90200,55079090200,41.54709697,205,4.934159422,13,0.312897915,30,6.73517198,17.82493796,24.71371793,13.5029907,188.8547757,7.382554056,62.9426975,0,26,26,26,,26
55079080300,-87.87769528,43.08951899,80300,55079080300,26.43368683,280,10.59254435,8,0.302644124,7,0.240469189,0,8.846730261,4.540581205,64.27411102,12.28727225,104.826592,0,5,5,5,,5
55079016700,-87.92210119,43.01030925,16700,55079016700,5.272890786,201,38.11950752,15,2.844739367,17,6.112968834,0,2.317060917,10.15538797,41.01450626,6.62732764,40.74921361,1,48,49,49,,49
55079009900,-87.9463096,43.06028198,9900,55079009900,5.597892518,193,34.47726075,10,1.786386567,17,4.219597175,0,0.290414722,6.807052536,46.31106058,5.586629666,41.861853,0,32,32,31,,32
55079008900,-87.95338434,43.06707152,8900,55079008900,6.472599729,130,20.08466543,8,1.235979411,5,2.976144577,0,1.209713752,2.95079718,35.84130327,4.491578653,40.6834205,2,49,51,49,,51
55079017000,-87.94753192,43.01042657,17000,55079017000,7.653338591,238,31.09753961,15,1.959928967,7,1.40131198,0,5.485973383,5.608901304,46.3013554,8.456051263,62.95812178,3,37,40,44,,40
55079185400,-87.93769723,43.06024492,185400,55079185400,7.732293639,245,31.68529435,13,1.681260517,33,4.497365912,0,6.167888838,6.092497047,57.63419954,7.562610337,59.57630063,2,47,49,47,,49
55079004600,-87.93211482,43.08569859,4600,55079004600,7.412366196,258,34.80669913,12,1.618916238,3,0.929269139,0,2.758327238,8.19693916,49.06745825,8.689878315,60.91133861,2,72,74,67,,74
55079006100,-87.96848109,43.06792073,6100,55079006100,5.64410178,149,26.39924045,12,2.126113324,2,0.264981813,0,0,7.587468,32.48325614,5.498349231,42.91074643,0,32,32,30,,32
55079120502,-87.96511321,42.9530539,120502,55079120502,44.05005596,212,4.812706713,14,0.317820255,43,2.34275621,0,14.88322656,34.74005069,165.7542139,6.879393688,53.63180323,2,11,13,12,,13
55079170100,-87.85234186,42.91986165,170100,55079170100,53.60563223,202,3.768260751,13,0.242511831,16,1.110661499,0,8.058755538,11.57459671,110.3587101,7.342439754,78.78967621,0,8,8,7,,8
55079160302,-87.92475578,42.85940232,160302,55079160302,146.1659888,235,1.607761162,3,0.020524611,50,1.823784357,39.18485181,51.38344892,41.75300651,291.8106325,10.16131453,118.2611893,0,5,5,6,,5
55079090300,-88.05155454,43.06739864,90300,55079090300,43.53796899,277,6.362262788,29,0.666085274,64,7.834933787,22.74700227,18.17492975,22.52890153,203.229253,7.351966968,59.72588299,0,33,33,32,,33
55079090600,-88.05436469,43.03797515,90600,55079090600,33.29396842,237,7.118406463,24,0.720851287,13,1.113862414,10.0067617,23.18233659,7.751394643,146.1611221,6.296105195,55.5079448,1,9,10,9,,10
55079150100,-87.97760303,42.9142491,150100,55079150100,145.3300946,341,2.346382565,6,0.041285324,67,1.750791316,0,28.97320257,81.05932883,334.2640317,9.83853637,106.2537028,0,32,32,31,,32
55079007600,-87.87860132,43.06400561,7600,55079007600,6.278690672,196,31.21669951,14,2.229764251,23,4.646143925,0,0,9.416550814,37.85345601,4.738294313,67.4675896,0,15,15,16,,15
55079007300,-87.88782472,43.07803,7300,55079007300,7.580613191,162,21.37030289,12,1.582985399,19,3.000884061,0,0,5.761552839,38.88197452,4.381163333,50.97967784,0,26,26,27,,26
55079016300,-87.93762901,43.01574101,16300,55079016300,6.108216097,197,32.25164219,11,1.800853117,11,2.229069727,0,0,6.707005478,39.73320265,7.456086616,51.16568353,2,50,52,51,,52
55079004300,-87.93221681,43.09480773,4300,55079004300,21.55420143,425,19.71773352,29,1.345445346,13,1.793892709,8.859425608,13.86208146,9.067386007,132.1299975,15.77322169,129.632957,1,72,73,60,,73
55079018800,-87.94058994,42.99930448,18800,55079018800,10.11536266,92,9.095076779,13,1.285173893,3,0.321592901,0,1.723145878,12.17712133,51.17485421,3.006847956,28.78919406,1,10,11,11,,11
55079014100,-87.92097851,43.04864417,14100,55079014100,7.212209749,269,37.29786145,15,2.079806401,63,12.06898163,16.12047477,7.625024126,17.63734273,46.51285053,6.066084825,64.21798794,2,20,22,24,,22
55079101600,-87.98880339,43.00310117,101600,55079101600,15.77894206,392,24.84323718,19,1.204136496,12,2.268814969,0,0,15.72009673,113.6744901,12.57487517,118.9389887,3,22,25,22,,25
55079120102,-88.04968009,42.97410658,120102,55079120102,56.64139542,133,2.348105992,7,0.123584526,16,0.249869888,21.70190724,14.37498617,36.99097518,152.4167724,2.995365865,33.22179578,0,9,9,9,,9
55079020800,-87.87973291,42.98486182,20800,55079020800,12.05244564,228,18.91732241,9,0.746736411,6,0.355636551,0,7.582187387,6.670527632,61.51482908,7.499258368,79.33631571,0,4,4,4,,4
55079007500,-87.87773077,43.07106948,7500,55079007500,7.491672,176,23.49275302,6,0.800889307,9,0.654350714,0,0,9.451109139,42.93738354,8.311436821,63.8152478,0,10,10,13,,10
55079011400,-87.91070676,43.05292049,11400,55079011400,5.978331347,261,43.65766714,8,1.338166043,76,17.9799383,0,0,5.954146574,55.48039802,4.972458654,50.22442045,0,27,27,24,,27
55079013700,-87.94530128,43.04230708,13700,55079013700,3.421355205,134,39.16576677,7,2.045972891,5,2.861447614,0,4.840372797,4.397589973,23.95645708,4.410770552,28.42714148,2,37,39,37,,39
55079015700,-87.92777871,43.02167111,15700,55079015700,5.278748764,200,37.88776639,14,2.652143647,14,2.737031859,0,3.147919436,3.973749623,34.69493464,6.700438514,44.18670308,5,77,82,74,,82
55079005100,-87.99758645,43.08266414,5100,55079005100,26.34461246,296,11.23569384,26,0.986919054,37,1.651285928,0,21.56687071,19.55347542,126.6137555,10.94417932,77.32186418,2,39,41,41,,41
55079006700,-87.92041023,43.07438609,6700,55079006700,4.379251175,73,16.66951656,13,2.968544046,1,0.305130571,6.749902806,0,9.017676318,17.60226867,2.639618588,25.95921801,0,17,17,18,,17
55079170200,-87.87264374,42.92276181,170200,55079170200,24.93060575,135,5.41503088,3,0.12033402,2,0.822217945,0,4.944459008,11.79583395,91.71994338,4.85359154,30.44027887,0,13,13,14,,13
55079101400,-88.02736197,43.00632321,101400,55079101400,14.59876824,237,16.23424635,21,1.438477524,11,0.655252866,4.617411361,0,15.63771076,59.29514235,8.687600799,93.71118501,0,39,39,34,,39
55079185600,-87.914697,43.06027548,185600,55079185600,7.331465427,369,50.33100185,15,2.045975685,100,7.571945844,0,0,6.673741869,64.36019182,6.640123291,60.54713069,1,36,37,34,,37
55079070300,-87.90380566,43.10632253,70300,55079070300,13.88593627,287,20.66839387,13,0.936199025,8,0.601832193,0,0,13.28958821,64.29805534,11.25694267,104.3973565,0,11,11,9,,11
55079080200,-87.88774507,43.09425715,80200,55079080200,9.561924013,254,26.56369154,12,1.254977553,15,2.043987255,0,2.469942646,3.921869771,53.29414485,9.558715241,72.45917733,0,17,17,16,,17
55079011100,-87.90156571,43.04934738,11100,55079011100,2.688713109,188,69.92192635,5,1.859625701,43,6.698802866,0,0,2.875367866,26.80316264,3.360156235,30.38607018,0,33,33,29,,33
55079187000,-87.88728783,43.05531658,187000,55079187000,3.89687175,320,82.11714947,4,1.026464368,84,10.74578631,0,0,6.946575725,42.8521038,4.208704123,54.1471659,1,37,38,37,,38
55079016000,-87.95726489,43.02138297,13400,55079016000,6.09206888,215,35.29178744,8,1.313182789,8,2.744718346,8.982422257,0.761361529,10.56968233,43.86567918,6.344567441,42.73604182,0,33,33,31,,33
55079170300,-87.87539597,42.90956184,7000,55079170300,7.19418651,187,25.9932099,17,2.363019082,5,0.66635037,0,0,10.88981784,45.68743592,6.722407826,53.95367269,1,50,51,50,,51
55079016200,-87.94745744,43.01661377,16200,55079016200,5.030930428,168,33.39342541,10,1.987703893,11,3.41807483,0,3.681314749,2.779425331,37.59294027,4.84177306,37.51427329,3,32,35,34,,35
55079012200,-87.95271711,43.04867468,12200,55079012200,5.40637867,232,42.91227348,8,1.479733568,11,1.361805912,0,0,5.655222431,48.8517732,6.543980968,44.67128874,0,29,29,25,,29
55079021700,-87.91311181,42.94055519,4500,55079021700,7.447229346,209,28.06412832,19,2.551284393,3,0.580619134,10.69033217,3.240120175,13.44279259,41.43357357,7.245617689,57.18360135,3,54,57,57,,57
55079100500,-88.02670746,43.01327198,100500,55079100500,12.2290852,199,16.2726808,11,0.899494919,8,1.14985919,4.10192801,2.937224468,3.441746158,65.75260221,6.35913075,72.23487432,0,9,9,8,,9
55079007400,-87.8758494,43.07810342,7400,55079007400,15.07264683,129,8.558549899,23,1.525943005,18,1.3180669,0,3.149539697,10.72336567,32.78966088,4.447707364,48.51742663,0,32,32,30,,32
55079007100,-87.90150196,43.07384401,7100,55079007100,3.986375209,129,32.36022533,12,3.010253519,5,1.65894797,0,0,6.009020563,27.27658722,3.654161619,33.68288626,1,19,20,23,,20
55079016900,-87.93771389,43.00952716,16900,55079016900,5.180082674,174,33.59019748,10,1.93047112,11,1.447869228,0,0,10.19197883,33.6290325,6.743985575,44.94990063,0,41,41,41,,41
55079019800,-87.98973913,42.98208714,19800,55079019800,22.36883942,400,17.88201849,19,0.849395878,18,3.138862115,0,5.957053696,33.47414856,101.247778,15.13602397,139.2381283,0,12,12,11,,12
55079186600,-87.91355972,43.0013025,186600,55079186600,11.05436703,162,14.6548418,17,1.537853769,19,3.641958539,13.29674057,7.611076741,13.07502778,39.09491564,5.296875202,47.11698959,3,30,33,31,,33
55079060101,-87.92536256,43.13951395,60101,55079060101,47.33711929,104,2.197007371,17,0.359126205,60,2.991991801,11.09799185,6.832143162,31.00612695,170.3647341,3.778666074,50.11422328,0,8,8,7,,8
55079091300,-88.00975754,43.03787657,91300,55079091300,18.66116525,226,12.11071211,17,0.910982769,15,1.309171619,0,9.361352456,12.78450586,72.80039054,10.98226237,118.5596135,0,24,24,23,,24
55079050103,-87.96805932,43.18260187,50103,55079050103,37.31292316,102,2.73363734,12,0.321604393,68,6.898882006,0,30.04668522,4.859306501,202.9137658,3.764131321,91.55819571,0,8,8,8,,8
55079020000,-87.95274214,42.98406165,20000,55079020000,15.25875991,325,21.29924069,22,1.441794755,27,10.30088716,0,15.58746437,16.42833519,114.7109628,8.859445187,77.23816328,2,87,89,88,,89
55079016500,-87.91208089,43.0158508,16500,55079016500,12.43487875,216,17.37049507,19,1.527960214,37,5.53943261,7.868446677,1.927482007,16.05890685,56.85730673,7.538227933,51.71966694,1,41,42,39,,42
55079180300,-87.87007656,42.95190882,180300,55079180300,41.60560577,314,7.547059925,30,0.721056681,13,0.554921277,0,11.64117943,34.06011718,150.7915736,11.27475615,98.35671461,1,38,39,38,,39
55079130100,-88.04408464,42.94275916,130100,55079130100,59.61433205,155,2.600045906,5,0.083872449,30,1.910145385,0,24.07022866,16.10955599,215.599046,5.021237215,20.29141905,1,9,10,10,,10
55079007900,-87.89691432,43.0659623,7900,55079007900,6.058649847,129,21.29187249,16,2.640852402,6,0.792648645,0,0,9.565200309,26.88377394,3.266560179,33.24251207,0,19,19,19,,19
55079007700,-87.88828695,43.06389307,7700,55079007700,7.592345318,223,29.37168828,9,1.18540446,39,4.46492979,0,0,8.967551065,46.61325615,7.238640995,58.73250803,0,58,58,59,,58
55079016800,-87.92935604,43.01036846,16800,55079016800,5.706636848,218,38.20113419,16,2.803752968,31,7.078617243,0,0,14.65220471,39.45079831,7.213194245,46.08607765,0,48,48,44,,48
55079003800,-87.97215137,43.08623996,3800,55079003800,7.229328799,261,36.1029367,12,1.659905136,4,1.51567714,0,10.53559303,12.4461722,44.67294667,11.46613877,58.20648782,4,56,60,62,,60
55079100700,-88.03789254,43.02131055,100700,55079100700,18.33798481,149,8.125211226,11,0.599847809,2,0.224896619,24.8140927,10.81533811,8.814630734,77.07230004,4.980696506,54.56376135,1,24,25,24,,25
55079120101,-88.04814853,42.9591719,120101,55079120101,58.20098865,153,2.628821323,17,0.292091258,13,1.699374985,39.04107675,26.22572193,25.13636336,164.1122573,3.813360872,45.23193142,0,15,15,14,,15
55079030100,-87.90189121,43.18213894,30100,55079030100,78.90607156,74,0.937823903,2,0.025346592,48,1.088380259,15.42443769,11.04267101,20.82167997,329.4408164,2.250531363,150.298483,0,7,7,6,,7
55079017600,-87.92236677,43.0028169,17600,55079017600,5.114793573,110,21.50624427,7,1.368579181,7,1.982373094,0,0,2.528374026,30.24345451,3.57897844,33.00886654,0,18,18,21,,18
55079019000,-87.96788369,42.99550446,19000,55079019000,27.10917474,369,13.61162793,27,0.995972775,5,2.408418782,0,7.842218143,23.75006778,121.5430912,13.22380287,124.4389438,1,20,21,21,,21
55079004400,-87.90637542,43.08901416,170300,55079004400,13.91848488,216,15.51893053,0,0,6,0.602048846,0,0,8.779336563,73.11276496,8.135233207,64.1394637,0,4,4,5,,4
55079185700,-87.91471808,43.067534,185700,55079185700,7.256518768,217,29.90414646,19,2.618335404,17,2.572300706,0,0,9.58592191,50.09679889,6.352239287,52.6453613,2,49,51,47,,51
55079120202,-87.99868862,42.96585772,120202,55079120202,19.39515146,141,7.269858153,16,0.824948443,38,4.864695552,12.10775295,11.14488301,19.90716216,87.23643329,3.733719666,29.38155181,0,22,22,23,,22
55079120203,-88.00777221,42.95695644,120203,55079120203,35.09475581,336,9.574080009,31,0.883322858,69,7.878721515,13.21579098,13.72934172,50.75398003,186.9606753,7.859072636,61.4197538,1,37,38,32,,38
55079100600,-88.02237706,43.02035964,100600,55079100600,7.515923753,108,14.36949117,6,0.798305065,5,0.68671758,0,2.781958104,6.404573219,29.89515861,3.868126782,51.89387179,0,26,26,26,,26
55079018000,-87.89706312,43.00853954,18000,55079018000,52.08199699,281,5.395338432,12,0.230405912,40,0.969039491,27.87073906,1.335421917,39.96328707,121.2376359,5.327582717,110.3983857,0,14,14,15,,14
55079186400,-87.930394,43.03696105,186400,55079186400,8.272847076,162,19.582134,19,2.296670037,38,8.57853828,43.32002144,0,25.44997955,31.18095914,4.593796281,47.07301994,4,19,23,25,,23
55079017500,-87.92965733,43.00288248,17500,55079017500,5.29968049,172,32.45478672,13,2.452978066,9,1.541940931,0,0,8.746127727,38.61136291,6.154534226,45.07712905,1,61,62,64,,62
55079002400,-87.95189299,43.10641216,2400,55079002400,12.58288521,228,18.1198506,30,2.384190868,6,0.731919572,0,0,17.50692959,64.44862396,7.980869939,66.79980804,3,49,52,56,,52
55079016600,-87.91406882,43.01014812,16600,55079016600,6.947705944,174,25.04423782,15,2.158986019,31,5.261506993,17.33528948,0.500719236,21.0780522,28.47377543,5.614436062,38.70229726,0,31,31,34,,31
55079186800,-87.95065387,43.02815122,186800,55079186800,61.77150833,464,7.511553669,22,0.356151252,209,12.67899906,44.94481737,9.789236532,38.07693253,375.5067095,10.86641609,173.7237637,4,56,60,60,,60
55079100300,-88.00317769,43.01735322,100300,55079100300,8.458019447,256,30.26713306,13,1.53700285,41,7.75231499,0,1.613796915,5.291179289,74.88533227,7.007510642,61.30356834,1,36,37,37,,37
55079140201,-87.99911909,42.93902918,140201,55079140201,50.51744902,326,6.453215796,7,0.138565983,56,5.553301973,0,23.09444295,38.74892366,220.4918982,12.42324902,139.2924949,2,24,26,24,,26
55079070200,-87.89435184,43.11184846,70200,55079070200,50.42914495,371,7.35685684,13,0.257787436,14,0.385922619,0,17.67494294,15.26433729,103.6658552,14.2452724,169.7915333,1,11,12,11,,12
55079008800,-87.94617694,43.06789665,8800,55079008800,5.317358313,215,40.43361145,15,2.820949636,13,2.421931845,0,2.617469883,5.894736559,44.19188775,6.544961245,45.64964329,5,90,95,87,,95
55079101000,-88.05764225,42.99174385,101000,55079101000,45.18972984,237,5.244554478,25,0.553223046,20,2.449544372,0,9.334994295,30.9994598,192.654644,6.385828039,65.03335184,0,31,31,31,,31
55079090900,-88.00271496,43.06125484,90900,55079090900,13.3212463,217,16.28976712,23,1.726565178,32,4.023653056,0,0,15.8709785,67.4569293,9.699459627,91.15617606,0,20,20,20,,20
55079070100,-87.90764318,43.12062526,70100,55079070100,17.52270215,376,21.45787772,12,0.684825885,22,2.399193744,0,1.449960918,18.4988687,95.6169245,13.28433026,133.625708,0,20,20,20,,20
55079016400,-87.92775679,43.01666502,16400,55079016400,5.023631406,187,37.22406858,11,2.189651093,9,1.241992511,0,0,10.16588029,33.26206469,6.655847359,41.34273872,4,51,55,57,,55
55079004700,-87.94762105,43.08578094,4700,55079004700,15.5996614,291,18.65425105,24,1.538494932,5,2.154143656,0,5.893175481,11.85056704,81.26692679,10.13804726,83.63083872,3,94,97,91,,97
55079017300,-87.94877272,43.0036736,17300,55079017300,5.525211107,192,34.74980345,12,2.171862716,2,0.258983279,0,7.623336042,2.978686821,39.35601997,6.054780585,44.62843752,1,42,43,39,,43
55079101300,-88.02770293,42.99908565,101300,55079101300,14.70563144,221,15.02825642,13,0.884015083,9,2.356292258,4.541238797,0,23.15357957,65.62819845,8.197676898,89.60818748,2,13,15,13,,15
55079018500,-87.91440377,42.98442732,18500,55079018500,20.34910675,278,13.66153333,22,1.081128537,23,4.268198523,29.13060848,9.25462455,19.64478096,99.32487858,9.161609945,72.4122742,2,23,25,25,,25
55079100900,-88.05214498,43.00961148,100900,55079100900,41.28406079,296,7.169837326,23,0.557115738,19,2.305320614,8.562506193,19.60158304,19.67748879,190.9244838,5.728448082,66.50643256,1,23,24,25,,24
55079011300,-87.90698264,43.04879219,11300,55079011300,5.109702608,263,51.47070587,17,3.327003801,133,15.86137729,0,0,18.97897263,32.58039894,6.336435331,49.91718469,0,47,47,50,,47
55079015900,-87.94737279,43.02160465,15900,55079015900,5.113660841,174,34.02650379,10,1.955546195,4,2.024588838,0,7.718884925,0,38.82439272,5.060845075,39.23971976,2,73,75,79,,75
55079004800,-87.96230834,43.07703855,4800,55079004800,10.81586373,343,31.71267765,23,2.126506082,17,1.5012033,0,7.736713335,12.18999642,73.68394334,12.50869709,86.80183428,3,104,107,106,,107
55079080400,-87.88849491,43.08594878,80400,55079080400,8.107729464,200,24.66781864,13,1.603408212,21,4.036725892,0,5.067475325,6.401683664,43.45997819,6.245262923,43.53878311,0,29,29,27,,29
55079090700,-88.02546042,43.05920198,90700,55079090700,19.56403334,231,11.80738123,9,0.46002784,21,1.370463906,0,0,21.26526186,63.95034122,10.5469995,99.03968596,0,17,17,15,,17
55079120400,-87.96554126,42.96670364,9500,55079120400,5.533354264,133,24.03605366,2,0.361444416,3,0.363477836,3.432077419,0,8.910976394,26.44602969,5.303730723,42.98148178,0,4,4,6,,4
55079101100,-88.04277342,42.99421706,101100,55079101100,14.61750318,216,14.77680541,18,1.231400451,9,2.59216826,10.73778476,7.231923744,15.8767126,102.0323905,7.228378541,66.39891216,2,34,36,34,,36
55079101700,-88.00697762,43.00174248,101700,55079101700,10.11522817,277,27.38445396,16,1.581773514,9,0.511009786,0,0,11.56334063,62.55113965,9.356846838,84.81013074,0,21,21,21,,21
55079185300,-88.04263672,43.04988603,185300,55079185300,79.21281316,474,5.983880399,38,0.47972037,118,5.764201048,45.84774574,21.99431484,59.39052064,330.0433269,11.98859908,153.5965415,3,36,39,40,,39
55079101500,-88.00745577,43.00714432,101500,55079101500,11.40271509,317,27.80039643,4,0.350793646,4,0.371797801,0,0,8.160209133,74.46697593,9.911131769,91.3018574,0,24,24,22,,24
55079010800,-87.88986071,43.05735676,10800,55079010800,3.512127163,258,73.45975474,16,4.555643705,89,9.382282166,0,0,7.662163694,33.13790293,3.643154989,47.89644417,2,56,58,58,,58
55079100100,-87.98599244,43.01660727,100100,55079100100,9.324893742,288,30.88507043,18,1.930316902,19,1.876429406,0,2.23635198,11.23921359,67.07927724,10.29722458,77.01892141,1,60,61,55,,61
55079100400,-88.01167242,43.01702912,3400,55079100400,22.1364525,408,18.43113751,25,1.129358916,41,3.022529828,0,12.18873462,16.2764941,128.5794227,15.73350676,136.2978908,4,12,16,18,,16
55079060200,-87.9245656,43.11562527,60200,55079060200,87.3918598,507,5.801455664,50,0.572135667,94,3.649006751,44.87587454,22.62490125,50.38881476,408.604823,12.85718514,162.26868,1,48,49,46,,49
55079091200,-88.0038978,43.04671741,91200,55079091200,25.6663184,359,13.98720278,42,1.63638584,88,7.033334566,0,0,24.41699044,129.5713155,10.05753226,122.0216523,0,33,33,32,,33
55079186500,-87.91365827,43.02322408,186500,55079186500,14.19958405,436,30.70512477,20,1.408491962,100,8.142795662,15.68368142,4.226687225,12.15478493,94.29741673,13.68687067,79.50489904,1,57,58,54,,58
55079014400,-87.90763009,43.04243388,14400,55079014400,6.373879901,322,50.51868015,20,3.13780622,70,12.55599528,0,5.87374459,25.55989143,29.14826681,9.286890673,62.93281223,3,83,86,93,,86
55079007800,-87.88792128,43.0707798,7800,55079007800,7.051167368,185,26.23679036,17,2.410948303,26,1.635136714,0,0,8.205363954,33.42405714,6.279838075,48.80614461,0,55,55,55,,55
55079100200,-87.99138562,43.01461766,100200,55079100200,21.31862192,411,19.27891969,26,1.219591027,43,9.002365604,0,2.881404286,15.63266366,157.2717759,11.56369944,102.6851076,3,71,74,68,,74
55079110100,-87.970991,43.01244554,110100,55079110100,31.42218725,419,13.33452686,27,0.859265454,54,7.222992197,0.159912295,3.127589391,36.71533928,201.0985646,13.99159884,107.7951504,2,50,52,50,,52
55079010700,-87.90102702,43.05989563,10700,55079010700,6.641983499,244,36.73601418,12,1.806689222,83,2.666817085,0,0,7.441056316,43.80484076,4.966600348,54.85768631,0,28,28,30,,28
55079186300,-87.91818004,43.04061936,186300,55079186300,13.31198047,530,39.81376034,51,3.831135429,102,16.85103192,24.07857919,14.59012368,40.24990879,69.07085108,14.24146883,112.5441645,3,183,186,182,,186
55079187400,-87.90780351,43.03238137,187400,55079187400,18.65166396,652,34.95666668,33,1.769279142,174,18.96204194,18.58883485,9.2083807,29.89549357,135.0012298,15.8751022,137.4062195,1,86,87,92,,87
55079000301,-88.06022016,43.13632605,301,55079000301,21.54244368,16,0.742719825,0,0,3,0.4161406,11.63976013,9.998144469,2.645466381,48.25100617,0.7180442,48.62523201,0,0,0,0,,0
