Census Tract,Tract Area (km^2),Intersection Density,Bus-Stop Density,Parking-Lot/Space Density,Length of Interstate Highway,Length of State Highway,Length of Collector Roads,Length of Local Roads,Length of Bicycle Lanes,Length of Bike Trails,Length of Pedestrian Crosswalks,Length of Sidewalks
000101,43.20872948345731,2.8697904678607604,0.509156373330135,4.982801132084753,0.0,31.90100016942775,5.169404723811296,184.40063154702398,0.005134347876166887,0.005134347876166887,5.79025109977227,67.84382258949655
187200,422.037349318271,0.28196556582545146,0.0,0.446270433700511,0.0,48.535763855961804,91.9779149477006,475.39596805542175,17.522046218912504,3.8020292610647464,5.536847343890365,94.58178111165658
170700,23.92698988109339,9.570781829976491,0.12538142135340383,0.11848039326473422,0.0,0.0,9.70671767666881,76.75258727495192,1.0363619048603483,0.0,8.14581466356682,53.81471886497542
170100,53.60564935432028,3.8055690483592453,0.2425117530817166,1.1106611441317986,0.0,8.065489002770988,12.106499065937758,110.36685118275982,9.5273383815947,0.09064539041980871,7.354280921375432,78.79355543246271
160202,136.85785795321885,1.3444606159399002,0.007306851173586415,0.4809541401578978,0.0,18.93348531873162,49.07333844460609,270.5779920356321,28.1016778408429,25.092950358953665,5.130698559991723,95.96749974790329
070200,50.42916181499838,7.396513972775654,0.2577873502575965,0.3856167361921441,0.0,17.731569204360277,15.597316274462123,104.06182109893037,6.264553224168176,0.0,14.275035135137497,169.78026417957233
980000,65.48504631423242,1.81720876288266,0.0,1.6065835622166218,9.395327753349518,30.364721477590862,6.901813931163978,60.363085913923456,47.00586519893693,9.611196038617276,4.073246246800066,29.80297442974284
060102,32.77352913113155,1.1899847539749366,0.18307457753460563,1.19272114194968,0.0,23.35892606593223,7.9667969643947325,122.60457767934518,15.471418917178879,2.8843643587138073,1.3131734188439053,64.44653300825772
187000,3.8968728596239144,80.83404600231185,1.026464076219833,10.745783246261079,0.0,0.0,6.775064369392376,42.81476281700059,1.345413474163622,0.0,4.233538632826365,55.136498425307714
018600,5.1881372098029255,20.62397266553104,0.5782422242672254,1.509909946169933,0.0,0.0,2.07875270593965,31.84029618173533,0.028746985633077295,0.0,3.8979551917053787,37.11262170877656
003500,12.560530143564304,28.97966852032152,1.1146026353969816,2.4098987342735363,0.0,7.052172943583857,6.158430319492139,89.69514537761452,2.2175572988538943,0.0,13.021490336434566,96.26514959861633
017900,6.6361915675107985,34.95981055396537,2.1096437403254966,2.1357195841767127,0.0,0.0,6.0834873667279155,50.87006174661788,2.848168199366401,0.0,6.880670193888833,55.59670637956161
017300,5.525212967244856,35.292757248638075,2.171861984531574,0.2589831918902712,0.0,7.249264211291235,2.745023801963273,40.858639611627574,0.0,0.0,6.059486712659736,44.62363253262746
017200,5.266840970987531,26.581398749495573,1.518937071399747,0.0,0.0,0.8619167434208027,4.51653734288292,38.39425021834711,1.4609500267449076,0.0,3.706119790857298,34.18347713835795
017400,3.5415128649959744,30.213076749651062,1.9765564228743686,0.27355212034675414,0.0,0.0,8.74975384334454,22.514292098142977,1.2701427955767848,0.0,3.32728082513765,29.473381542335993
017500,5.299681923199586,33.964302501258096,2.45297740286864,1.5419405137028421,0.0,0.0,10.551099916361308,38.44252633304082,2.0396496450678248,0.0,6.162198648941997,45.07712905131896
017600,5.1147956712211045,20.52867929618239,1.3685786197454928,1.9823722808799646,0.0,0.0,2.9221281884361225,28.941998799101057,0.0,0.0,3.563294553772515,33.008866542509885
018200,20.760414598251483,7.947818152624799,0.14450578459317814,0.5496303119798868,0.0,0.0,4.464498184048313,35.63838289335772,6.8398785261829715,0.5744444448538916,3.194254584524811,43.427497896669436
019200,15.443722718862642,15.022284731688432,0.6475122729176048,0.6645382789696178,0.0,0.0,21.020410900138447,68.00945199739988,0.0,0.0,9.452913322846207,97.23228992133384
019400,14.125326536868968,16.707578361746812,0.7079482356672377,2.4812631040918056,0.0,0.0,26.37588609043918,64.03863382468575,0.0,0.0,7.762991822697306,79.22068663754176
019500,14.183228401172421,15.017737427283684,0.4935406666243464,0.6647243582327753,0.282245944055983,0.0,16.224852520142385,50.34092384137797,0.0,0.0,9.49451409158524,91.61881125178097
100100,9.324896540380438,32.708137691311755,1.9303163227659397,1.876428842374573,0.0,2.2373503299080415,11.541518854059508,70.23406607898474,6.962498647216419,0.014235816983028051,10.280523839595059,77.02420223289708
100200,21.318628353251164,18.622211214609223,1.2195906588912842,9.002343324753046,0.0,2.880392091451683,15.441007609421435,153.39790320425666,8.390412943413676,0.0,11.616685027646122,102.6573885506177
100300,8.458021948586921,30.97650982612693,1.537002395952863,7.752312697598962,0.0,1.6138029950664667,5.270564054249196,76.92420037754302,3.0387636045876936,0.0,7.006289242327752,61.299282448508386
110100,31.422197117817753,13.270873403169597,0.8592651843778876,7.223003200834256,0.16161621428453724,3.2256184020226084,35.921598778697074,201.28715043276154,0.9298865631708083,0.0,13.985017345935029,107.79632580622507
002300,19.993454518384553,19.30631845762632,1.30042559559141,1.2854590961309051,0.0,11.624656537658181,14.927692343676116,98.5425520877226,6.0257496451734704,6.014433848326958,12.545811831052255,111.8842577426219
002400,12.582888978275736,18.51721018935101,2.3841901531353233,0.7319193522468518,0.0,0.0,20.293456762971783,63.24244595500471,0.9737194071193944,0.9737194071193944,7.990095090678588,66.79319386872214
002600,7.566040970147125,31.588515174978298,1.4538647151663653,0.9018807381803483,0.0,0.0,14.096258006938912,51.177888529134606,0.041306336757625205,0.0,7.623363353879538,65.88788584541145
002700,7.4389180689843535,10.082111310340034,0.6721407540226689,0.22009021130878914,0.0,0.0,9.990216753050358,25.74650429159653,1.67934409758266,0.0,3.386410170778515,42.33989863324946
002800,7.127894052082418,18.518793774920958,1.1223511378739974,1.930497412322673,0.0,0.0,10.83657829766503,30.781048594398413,0.0,0.0,5.502123167039202,47.730593634273774
003000,14.229476401714459,22.62908282143139,1.0541498208741331,0.4408969653578021,5.002050876041228,5.730219297751065,24.989758801061736,77.53417388733016,0.0,0.0,13.328832730873437,100.75962383251947
003100,13.592546987750364,20.525954425718407,1.2506853951154586,1.1337330504511773,0.0,7.404569466268586,16.0439141340207,80.11480471958188,4.635346445856268,0.0,10.816342273349353,92.54788857179729
170500,9.580387420321234,5.5321353589083655,0.5218995621611666,0.0,0.0,1.8773301165324774,2.7563152318140856,43.87345584215111,0.0,0.0,2.689366890498966,21.178206832515613
170600,16.120652737485916,21.897376349976003,0.6203222762032862,3.4854371943294717,0.0,6.957409551747811,5.0766099879516196,111.65918624671758,3.3411500582848594,0.0,11.564790894433905,84.53299940317281
180200,12.3283486383694,28.714308005392486,1.2978218307522027,0.16355503805703944,0.0,0.0,4.80028707247483,91.78877478600124,1.0776940306660183,0.0,12.148897753932175,97.63110374424754
180300,41.60562015420153,7.426881244763653,0.7210564315304517,0.5549210848629546,0.0,11.648420066841727,31.768131632135272,150.6799192352034,2.580727040462534,0.0,11.23813063524741,98.36001607019361
180400,18.095962755562518,13.925758104389208,0.82891417288031,3.8130546285191422,0.0,0.7753761443145464,16.109693080118454,97.03847899852553,0.0,0.0,7.957559887890296,89.66802917317429
180500,33.867950843452064,7.499715621239236,0.32479083399067554,0.6065607952784535,0.0,13.281727041190475,21.45499648349961,117.28206588627572,0.5431138429189357,0.053240541835190246,9.709721549690917,123.32557281795577
185100,58.36411675667263,6.305244051481811,0.15420433821558777,1.230009477501303,0.0,1.1541711809307764,33.37585770681402,136.08550164137898,16.533030419531883,3.15291800950881,13.156955686043544,119.10130379104507
185200,32.67349456131273,10.926287646706399,0.8263578892467025,2.1447510932609024,0.0,25.758833234972233,29.045272163342084,135.178077196847,0.0,0.0,12.167508887481592,127.84617709266861
000304,36.4114453724786,4.0371921107836375,0.24717502719083495,1.0221199775005285,12.018509307174241,16.919790668022756,19.320399303708374,84.65162271211024,5.957895862225014,5.957895862225014,7.671864302392154,112.22283675102116
170200,24.930613302628775,5.455140567507004,0.12033398310677215,0.8222176961859484,0.0,4.999157582111404,11.800124536828138,91.72946091600578,0.0,0.0,4.866737435323769,30.44544460652006
007100,3.9863764944305924,33.865341165996206,3.010252548088552,1.6589474354386433,0.0,0.0,5.997606252303258,28.3756413999843,2.5549953154945393,0.5646977850637038,3.654093250632162,33.46930809685316
002900,7.118683681924804,13.766590057770626,1.2642786787748534,0.31740302313446533,0.0,0.0,10.636191024458252,28.520960468352605,0.0,0.0,3.837006797335305,48.148566057119666
040100,149.65912818303264,0.07350036134479572,0.020045553094035197,0.3788731305295582,34.91709496470437,35.022492166744115,56.81950019304722,330.4386501466192,0.0,0.0,0.3236162575312423,132.70041659473657
020100,20.622938377481645,17.650249122474932,1.1637526893939516,4.047582384380922,0.0,4.847331024385755,15.643534210679231,112.34295440341558,1.82748741315661,1.0791256664104407,10.711508225500245,89.29211151666384
000202,85.36683123213784,1.9445491604180147,0.23428303137566442,2.5956947699815656,40.32516003426656,20.071601556649647,54.343584462589064,237.9103585097221,20.21128863885418,14.511317225243413,7.304024992063754,179.3625504987208
013500,2.7475596661825477,30.208625138001093,3.275634051108552,4.272184811445291,0.0,0.5695771734800592,5.367534208752533,16.03072958060527,2.678709894259232,0.0,2.709577561117651,20.18042004595887
015700,5.278750224461068,36.751123230083564,2.6521429135111854,2.737031101147178,0.0,3.1494861405811667,3.9952373173447926,33.793460331824484,2.8872879498524755,0.0,6.685377569642824,44.18670307864173
000400,26.175602670080423,3.934961929939913,0.6112562221265885,2.904459524559751,18.753213474006703,14.311024488671071,19.607508546130646,69.52827534518062,20.847760629156564,10.063746874429498,4.526133282524127,50.47563028643698
000501,43.89408888248706,4.419729511173484,0.4784243285290885,2.486206635591523,9.048812552230437,19.11441436295008,23.394865593559253,122.95879098592502,2.6006610839712385,2.6006610839712385,8.755694157469538,102.60500293006496
000502,19.334664518961414,13.395629375725651,0.6723674976232953,2.7683608749649347,6.105769592109085,11.991606355252179,11.259741150549234,91.3793049230519,0.0,0.0,9.58569714226996,80.21509947270799
000600,42.120851317473935,8.760506695811237,0.5935302639438508,3.716202742200641,0.0,15.929215414069223,21.209867899028563,180.8110531234307,0.0,0.0,15.075446466966136,172.02601109280948
000700,42.45856378035297,2.6378659574873855,0.3532856193063462,1.1241155049848,0.0,14.379034735161692,13.475092061156998,157.55176272065447,0.0,0.0,2.9406756882888323,83.82377117746714
000800,32.928672970076626,4.646406496217936,0.3340553690091327,0.5718263589679266,0.0,6.136397608964768,25.543706585755256,116.63613475744216,0.0,0.0,5.521891991236523,113.5063560477083
019900,16.91283347586181,19.74831718627684,0.7095203779500661,1.6064276205298003,0.0,5.846251997081125,23.939208871673276,83.92808038432861,3.1505319471089805,3.1505319471089805,11.77586419899641,104.02031642795853
030100,78.90592643116318,0.9378256278957314,0.025346638591776525,1.086796125088919,15.42572493628793,11.040759242976787,20.314365643055588,301.3817499830677,11.19304401467473,0.0,2.207620257249623,141.0727517912127
091200,25.666326603764155,14.143044526939176,1.6363853171665161,7.03543312088895,0.0,0.0,24.861074853362556,127.34408900629732,18.691616469657788,2.713913789445167,10.093385666309729,121.01348168919414
002200,12.384489751189212,9.366554644599805,0.9689539287517039,0.31601700863857585,0.0,10.025782157168257,3.5705787836240614,37.8025425589486,8.56772266272136,7.262508516630839,4.564953439434693,51.775268200409386
090100,48.86695458534284,2.680748188864877,0.1841735396930068,2.6491621043017646,17.48849779723674,15.793545396181356,18.582318119270692,170.85592169296567,22.959588789008112,3.4174263071775335,3.4508655200304315,98.7674794945536
170400,16.936780808612028,8.797421522054318,0.0,0.0,0.0,0.1901764045325749,17.414596534591194,59.0598407399497,0.0,0.0,6.004396093408261,51.825266460603984
004600,7.412368289960226,33.9972314032648,1.6189157811078476,0.9292688762906837,0.0,2.7583215605664324,8.499817119849439,46.853268658823055,0.120111644793323,0.0,8.701008350794007,60.91914826895988
019300,9.577882211533373,20.985850061714306,0.0,0.33337096375811776,0.0,0.0,8.42483026123382,51.89247945660778,0.8995647851049742,0.0,8.604321599254455,72.7108641255034
016900,5.180084229535079,33.78323445055381,1.9304705400316466,1.4478687927393015,0.0,0.0,10.250110475129766,34.00249462963054,1.0529483416564986,0.0,6.753322856696886,44.949900633798805
020200,10.302356450318667,20.383686102561942,0.4853258595848082,2.2217881468831964,0.0,2.9347584361960495,11.349695296217753,58.58114443399919,0.0,0.0,7.001589364638051,68.99109711349973
060200,87.3918863495677,5.7442403519246525,0.5721354932195869,3.649496511810798,44.874124831784066,22.62871778836403,50.38591793992049,408.31549098327827,27.016551397021942,6.662900874641245,12.833114369545616,162.2816341016563
100600,7.515925730447114,13.704233343172305,0.798304854942076,0.6867173996294387,0.0,1.9656709350258257,7.273215723571366,29.863348965161197,0.0032405580498740903,0.0,3.8514935666027377,51.8968448117463
000900,38.03076178074704,4.2071205652525085,0.6047735812550481,1.604031231364356,0.0,11.245769010806214,28.5156248662174,138.02730498393282,13.961988287352446,11.042998338700215,5.669541055666061,89.08236313988655
003200,8.816214776710094,28.356840926837236,1.1342736370734894,1.0848530128134757,0.0,4.0327915334983455,7.6299702404848,59.44363661831154,1.0711802321882715,0.0,8.99367798992431,67.10951196503066
003300,15.951212635501173,22.81958170314137,1.5045878046027277,1.9157384837862015,0.0,9.778539985205144,22.11941824379115,92.27582042853444,3.558235687713986,0.0,13.882454544102647,112.11800639109909
018300,7.30554020706224,29.977249292022712,1.7794714191611656,1.7007537382782563,0.0,3.8181022724832596,6.081072175327897,47.3336122767535,0.0011183458921415583,0.0,5.825857257244495,51.5618463505526
018400,7.928388537046187,17.910323054488416,0.8829032491649219,3.532510787668111,0.0,2.437666483551852,3.7006229277171827,36.916557069747086,5.188990181126207,0.0,4.964711327793605,43.326361904073345
180100,48.67196425267816,5.896618400483147,0.22600279583733315,0.3426089302938964,0.0,0.0,14.077651247045678,91.27249065289014,19.768422774389478,1.9639384163123164,10.810316890942339,82.67587466096921
000201,85.75198943823656,1.4227075173325432,0.1749230554097389,0.8098551675258782,0.0,34.48074866249331,19.113506364118383,153.60265426643036,3.016193583199377,3.016193583199377,3.914566763877557,83.40770544567845
000301,21.542450254248628,0.7427195983355914,0.0,0.4161404729136988,10.820543068192727,10.392561161839897,2.6472932620317766,48.89292396002743,0.23411869437096244,0.10900491170999628,0.7180442003712301,49.62405621953829
000302,19.914222988696682,2.360122211480569,0.5021536620171423,3.4318873441232043,22.311354820242833,2.19626887928481,16.807570554207388,79.11591199050474,0.8647467636831007,0.8647467636831007,1.6508097906130805,49.8033478845547
000303,17.30092461035651,2.6010170562249915,0.0,0.174260974184478,5.749300910278131,9.015641681641904,7.7396526923722,35.06067901238706,3.881653565453905,3.881653565453905,2.499060217273385,50.66792313699461
002500,6.017617593630246,28.416561428065236,2.3265021052217154,0.3187194147066367,0.0,0.0,9.22110479680805,35.86191577013291,0.0,0.0,6.495980564602553,47.58901779427655
990000,26342.163490655403,0.0,0.0,0.0,0.0,0.0,0.0,0.0,0.0,0.0,0.0,0.0
100400,15.074665101101163,18.04351859068041,1.5920751697659186,8.190242265441611,0.0,3.499462864994569,16.06774439287362,103.92623445372818,5.465263012075757,0.0,7.765188939043988,69.3060536880813
003400,22.136459616570573,18.250434215667436,1.1293585529497174,3.021790632330686,0.0,10.26212243192191,18.012602350014667,128.5176005919328,1.9930626596806529,0.0,15.679107339166352,137.4061871039796
005900,9.226129863631408,32.40795484340966,2.4929196033392045,1.1249488786693342,0.0,4.04626729223419,14.17731609941206,51.56140032354252,0.0,0.0,12.956121938525316,83.51816489325748
004400,25.944701835672447,14.762166180433702,1.0406749004483289,4.317285905570727,0.0,12.456582652572907,13.214855124505762,131.31572639880773,9.76077812218387,8.608122899808189,10.09090058556193,109.7974741616071
170300,13.918489050993063,15.015997730377793,0.0,0.6020486655040478,0.0,0.0,11.378041928423622,71.77207223922716,6.2341737562157515,5.559734366152083,8.109622415959457,64.1394636971243
007000,7.1941888286159825,27.522213374831757,2.3630183200613124,0.6663501554002638,0.0,0.0,10.51297267353343,47.236742445324154,0.0,0.0,6.724354873030977,53.95178935343576
035100,61.359090569854494,0.40743759022208215,0.0,0.10040026835968027,0.0,14.03904755185299,5.216230724011243,126.09127422546148,13.90898401338746,0.0,0.744925837511916,48.49561089607947
120400,52.00799592331198,4.018612836152723,0.46146750271610215,2.2576388545666775,38.91027281740544,22.545647186111196,44.738792342789665,198.79604403474076,7.116209386788857,6.035764830426041,6.367145465135279,86.01753359431969
009500,5.533356005135262,24.939656850549344,0.36144430218187457,0.36347772170202186,2.940732127057614,0.0,10.083775709335194,26.682564323120914,0.0,0.0,5.3287514159669485,42.97268191409179
016000,4.288043342925062,25.41951917996387,1.8656527838505592,1.1551404221263035,0.0,3.5209164766653607,1.708754134023638,31.04873987776628,1.6691303615513529,0.00319815936498173,3.2082093001700698,34.23961947291135
013400,6.092070728514124,35.45592453301722,1.3131823901117488,2.744717513528343,8.983138507394218,0.4509710940379633,10.839531283523353,43.56267773400616,1.5841268987021027,0.34709108666389915,6.407093581441853,42.71616333573762
021700,138.73309796048818,3.6328749765505957,0.3604042635466861,3.2009771521889387,66.45070014788554,26.89862707054972,77.2986006090983,388.8112237585954,0.0,0.0,17.636260561752273,223.89402949263916
004500,7.447232004356491,27.7955621469707,2.5512834820890977,0.5806189270666811,10.690315272874665,3.2449607884394593,11.919038995219863,43.42439738114123,0.0,0.0,7.231725592031861,57.18036366331084
003600,10.91938857914558,26.741424016879197,1.7400241654818656,11.863723487037849,0.0,13.608941187948703,10.67566466885086,97.95113389565063,0.8462677258663422,0.0,11.540543274575002,60.18229173395375
018500,20.34911273213418,13.808955884167888,1.081128218689301,4.26819726794122,29.11976239638472,9.210641419625667,21.453260192802713,99.28655035170745,2.1175128581950093,2.067540459026601,9.12298067756297,72.41812351540523
018100,12.65407482783396,12.407070618443168,0.31610371002402976,1.383477380073538,0.0,3.6775019357842664,8.86540639518846,34.94533041176767,3.6879307780046457,0.0,3.5470079320682,45.17172460284706
021200,20.97685408929115,8.580886306106853,0.6674022682527553,3.0550212077614107,6.577791972233154,3.154070178015514,17.42757285614193,93.55408962863105,0.0,0.0,4.826187737679846,58.0904703834128
021300,13.871536732996738,9.011258262587294,0.5767205288055868,6.622101027639288,0.0,3.6139851674584293,17.042105661577374,51.2300791033866,0.0,0.0,3.9574321176482985,41.3627277205443
186100,5.471883230265381,36.18498269569199,1.8275243785703026,0.8646939727665728,0.0,0.0,5.486857917467081,39.672349744904096,0.0,0.0,5.906355324636332,43.39574301922581
186300,13.311984677064665,39.73862747238725,3.8311342175647445,16.86550921247529,24.047876939277202,14.626811947961457,39.985504916446395,69.27346598626153,4.688300801385188,0.0,14.262813324799154,112.69424917162361
185300,79.21283684008499,5.9586301769860155,0.4797202261132809,5.7624266762166085,45.84807848432693,22.177674711455882,59.14608898992294,330.0099899792169,19.145180444523376,7.858589767910082,11.994943182585102,152.93819909959927
060101,47.33712655653325,2.175881966071395,0.35912614973993895,2.9918341014617575,11.14328973113567,6.835632855078411,31.816035791167042,170.3656613646094,22.751721487402325,3.5391588160730447,3.7781677814575563,49.828793416334356
186800,61.77152758481562,7.462985262377108,0.37233982870861926,12.677960671759017,47.07835477935009,9.942764170924114,39.458019887299095,374.5038317998923,39.55644832676249,6.162770429188492,10.731751183081037,173.92343110720532
185700,7.25652111058836,29.766329720287505,2.6183345587289937,2.57229987540631,0.0,0.0,10.026484353209145,50.08307301503924,0.0,0.0,6.34569819673354,52.64536129886049
017100,7.32785134018259,23.199160587196637,1.5011221556421352,2.9211991624621287,0.0,0.0,8.727341597715972,45.18622559504981,2.7289700407886657,0.0,5.2246017290254425,50.07239488909746
021800,9.468051644620129,10.878690132465211,0.21123670160126623,7.831230834330224,0.0,2.842944382541825,3.6002919289237663,52.228000950103585,0.0,0.0,4.171494738154148,40.961773851051454
035200,41.8964804959461,1.4321012001427087,0.1909468266856945,1.7087707566898418,0.0,0.0,44.27880628492804,147.70705098826494,0.0,0.0,1.6697768924977718,91.65138003670441
020300,15.738070875497113,16.647529552552246,0.635401891318788,0.3408375438705948,0.0,0.0,16.908155748098512,92.5589502149378,0.0,0.0,7.993555326491253,83.34764040831718
020400,5.304956673505533,35.06154931084302,1.8850295328410227,1.8068179584027426,0.0,0.0,8.192380552381636,40.14832567806399,0.0,0.0,5.312958454321414,42.53706652653885
020500,5.180942928630044,32.04049963235053,1.351105406183456,0.9282222098336361,0.0,0.0,4.20677854798267,41.321320794262625,0.0,0.0,5.098420009875377,42.30970878718244
020600,14.386210202604522,23.56423236041876,0.6255990892146573,1.0112302937198137,0.0,5.597094124551341,14.127611069664734,84.26655940762797,0.004361622183695454,0.0,11.508980867287951,96.65186225255488
020700,19.282923997138102,20.380726494505062,0.9853277440091507,0.9705284098651706,0.0,0.0,13.3380820667535,108.94373749555048,0.0,0.0,12.542458930342411,116.1114184838737
020800,12.052799878833214,19.08270296629744,0.7467144638985954,0.352264262075875,0.0,7.585304474371025,7.6744064343071825,61.51946184571618,2.0368789900969233,1.1295819602825743,7.534324311422662,79.32019955528725
020900,10.97375633077359,16.493896396480356,0.18225299885613652,1.1408462953674066,0.0,2.697053392740048,9.19222225777182,43.75225668515106,3.698159685617087,0.0,7.753019068836387,70.97398767991538
021000,13.808957814077742,10.572847130516845,0.36208380583961797,0.49149226638399635,0.0,3.1452154208463394,6.464546504422298,45.92287569984729,0.2739079246713993,0.0,4.009533756078114,59.802268245331824
021100,6.972958962649063,21.511671128925478,0.8604668451570191,1.0849525381976735,10.441471253449915,2.668902734430148,2.637998403077372,39.035588984142315,0.0,0.0,5.13631991291284,42.09673592701561
050101,53.07475778900796,1.5073078678574467,0.28262022522327124,1.683182837446169,0.0,11.930324646981292,29.27077284490387,191.30122256635804,5.854252299310263,4.46993668101807,3.986815906623278,170.20094573002476
070100,17.522707381973287,20.773045629608,0.684825680096967,2.3980088780463675,0.0,1.3919891489427831,18.494854595476003,93.81172110164273,1.2049702039692787,0.0,13.22110307317162,133.57884347251988
070300,13.88594036288206,21.892647674954013,0.9361987492579018,0.6045663699106835,0.0,0.0,13.05494144181998,67.14334804008084,3.04450277843526,0.18451917683852484,11.302283961971014,104.36744583828585
080100,10.801409133872614,18.60868313650626,1.481288209871145,1.2419783599677943,0.0,1.0188201272031046,5.842110900226386,54.32948738110314,14.416057410261894,6.401886435582336,7.485456386226004,67.82028266989758
080200,9.56192717239344,26.040775620933008,1.2549771383582173,2.045599109965532,0.0,0.7080271470634334,3.6324130987737075,54.03623842445379,2.7042307523907434,0.0,9.521317389390177,72.5004593858218
080300,26.433694749501743,10.554710669240022,0.30264403352659563,0.24046911666112517,0.0,8.848861273042145,4.325968349244969,64.18440834195258,3.1168746832035668,0.0,12.295463720609094,104.82763992798378
021400,13.918760971432981,10.345748468239895,0.8621457056866579,5.968144150644212,41.53640443238569,3.272995911567713,16.811362293601846,54.478866816281545,0.0,0.0,4.772327404471384,50.728939152826584
021500,14.004909892170266,17.279654197225153,0.7854388271465979,0.9478503365834321,0.0,6.550954615694845,13.367154803178092,59.10401868098139,0.7933871936048447,0.0,9.889951156745955,87.30570949420583
021600,40.17178558669998,7.268783195354775,0.5227549558303092,7.960388344715177,33.36820547419878,4.378494761655518,37.566954407761486,211.39635258867824,0.0,0.0,8.974144323708167,116.68671981361136
080400,8.107732135314963,25.284505775305355,1.603407683312047,4.036724562123468,0.0,6.966789826947083,5.7684156664421735,43.42222185608023,5.473934840815803,0.4016706532324646,6.265784551468409,43.53514038441912
090200,41.54710978447154,5.2951938448008775,0.45731219568734854,6.735169902645054,17.82535111304346,26.390137264188695,18.7559327933991,189.0423717091913,21.79197286978082,5.553599345699932,7.910218918624277,63.502361641689646
090300,43.53798229653145,6.546008449792244,0.6660850703297371,7.834931392585706,22.746578278258852,18.107311063407817,27.48189168827505,203.63368502532023,8.943976115130782,5.2402105374313965,7.577019031994005,60.90115991250704
090600,33.29397916801667,7.178475086858694,0.7208510547473165,1.1138620545076972,9.860149269374045,23.013407659651246,9.052387316927106,146.17657271994312,10.077134303540207,0.0,6.269822496306821,56.179115262612655
090700,19.564039017919473,11.85849199071327,0.46002770653629066,1.3704635078443486,0.0,0.0,21.825070942502784,63.0643376113999,38.629506356301675,22.734872113745737,10.536067303554216,99.11210941484352
090800,8.534045115172109,16.05334845915413,0.5858886298961361,0.7307661909398255,0.0,0.0,3.122355143752776,37.70868600938894,2.4571547847736603,0.0,6.895542535425715,64.09489215875352
090900,13.32125031612162,16.439898268029857,1.7265646582862406,4.023651844283931,0.0,0.0,14.91372301057997,68.68221814957599,2.1810124374955007,0.0,9.725838757888834,91.1751991253686
091000,11.971021829630502,23.891026519732584,0.7518155198517247,1.1611192871388631,0.0,0.0,9.837992564619434,66.73414680748081,3.039606346641802,0.0,11.409367152761549,100.10247682536018
091100,18.67126963173309,13.657346555941231,0.5355822178800482,0.5335000418854223,0.0,0.0,14.610445856949285,74.89491190363104,2.2673487759891717,0.0,11.299756310243444,133.65247524442904
091300,18.661171263479208,11.842772186143932,0.9109824758572256,1.3072545066661758,0.0,8.393986336714075,14.456743726234436,73.7101783140142,1.860867571798608,0.0038213183361360103,10.966931011685134,118.85968167390892
100700,18.33799055506076,8.125208678269292,0.5998476205433706,0.22489654861112238,24.82934400808608,10.802670943340882,8.790894461882361,77.10947407041168,3.1461397326324425,0.0,4.935816421252966,54.57245792176098
100800,28.5481061338368,5.1141746256489045,0.59548608654816,0.23532385230447075,17.944493328239048,11.795146937210959,9.52825238854634,135.36688892672905,11.789383357974119,2.3505124167822617,6.015114237976941,34.32013555720795
100900,41.28407291220747,7.169835220218169,0.5571155745439793,2.3053199373415794,8.562002720532988,19.64310746415886,19.78486768620042,190.91478164365708,11.808524453709047,0.2890810655584541,5.759931842440331,66.3659737838594
101000,45.1897440369302,5.2002950007407005,0.5532228724192234,2.449543602197809,0.0,9.006845578255742,32.14022006594015,189.2512059515607,0.0,0.0,6.389147036362038,65.16723713960107
101100,14.61750761893596,14.845212033198578,1.2314000764865178,2.5921674723034807,10.112358440664822,7.560038844890227,15.983182185875139,102.04761750250722,1.1834363540480344,0.0,7.2466351540492076,66.38382669011824
101300,14.705635735212642,14.9602508834902,0.8840148249335119,2.3562915689451085,4.949744511517734,0.0,22.686327141689613,65.63573082278909,1.5692648949049022,0.0,8.18054316654461,89.61476797014443
101400,14.598772693771267,15.891746852047739,1.4384770857457003,0.6552526662653585,4.617388489535855,0.0,13.966106887374067,59.247767681913714,3.6815100482018375,0.0,8.644865685532551,93.72213031519449
101500,11.402718747169018,27.712689140776547,0.3507935334275512,0.3717976819856264,0.0,0.0,9.61936157394975,73.99615470442497,0.0,0.0,9.811383975628107,91.33722502075057
101600,15.778947273291703,24.843228968989607,1.2041360979867413,2.268814219422345,0.0,0.0,15.832798907524758,113.25971227812967,5.496173149349122,0.0,12.601903971020812,118.55805779163778
101700,10.115231056624424,27.878750215529614,1.5817730618740207,0.5110096396967981,0.0,0.0,11.599549465374507,63.030044681704354,0.11011027300058118,0.0,9.38251474605429,84.79234842917683
101800,16.63170829525139,10.221439492691056,0.7215133759546628,1.4072773410745705,0.0,0.0,29.239552244171396,62.35575554829035,2.603558416012479,2.5173231260421507,7.036747982714028,80.49105296170158
101200,14.567493954760913,14.964825156406107,0.6864598695599132,2.071565563923343,3.874632621921748,0.0,20.133911808455014,65.32630902606398,0.38069797285230267,0.0,8.692233324605967,87.02375236296471
010800,3.5121285697184064,73.45972531429446,4.555641879956245,9.382278406906732,0.0,0.0,7.461140053072799,33.5757197595411,2.9304306567030203,1.080444606305692,3.6399735119231154,48.088582192664
011300,5.10970428708149,50.88357082763868,3.3270027079609905,15.861372078110003,0.0,0.0,17.99553382337723,32.53475706880984,0.8101725267764477,0.0,6.281470880813272,49.784572636059586
011000,3.024609762399799,73.06727722278235,4.628696294655896,8.86585990735755,0.0,0.0,4.100930697999061,32.404495126850385,0.0,0.0,2.6783487840278393,32.39572395552085
011100,2.6887135793629726,69.17806397365253,1.8596253756358208,6.698801693893204,0.0,0.0,3.6887851214654415,25.933213281836316,3.0432771804973657,0.0,3.350704733630509,30.3860705360888
011200,4.449549676824953,72.81635750411385,2.022676597336496,5.2187104274979275,0.0,0.0,4.053461072068019,35.29990967755747,1.3537453293035338,0.6746194241472582,3.337837443736339,48.855637264395455
010700,6.641985434121178,36.73600347669001,1.8066886955749184,2.665215392466562,0.0,0.0,7.75124021492889,43.85233787620927,6.139697030161617,4.295092299395621,5.020685217185237,54.85059248739616
011400,5.9783333700531704,44.15946446252662,1.338165589773534,17.98171084987148,0.0,0.0,6.108464284822284,55.760094598391504,3.695748835356929,1.83885482412551,5.027339176728327,50.348577665052616
008400,4.951670679820198,24.032292875406053,2.2214724506677865,0.8978758888763528,8.282549293114084,0.0,8.349486797083756,24.55915812357605,0.0,0.0,3.4314174347256827,31.12952826438359
008600,3.2754740606216477,34.19352372424029,0.9158979568992935,0.11886780060892843,0.0,0.0,2.792746917884274,26.73387773181943,0.0,0.0,3.026975949314478,27.938003922163144
008700,3.568586501159212,33.90698248751841,1.1208919830584598,0.18498231887193237,0.0,0.0,4.584971990502135,26.02038094484739,0.0,0.0,3.331645972986515,29.371887244568985
008800,5.317359946238482,40.24553578536362,2.820948770002123,2.4219311007299167,0.0,2.61645794053683,6.248973725251617,43.727985344414336,0.1919326674659488,0.0,6.541432475926312,45.65368620709153
008500,4.325079357179217,28.901203810864644,3.468144457303757,2.925754014960451,0.0,0.0,6.692739406513444,25.024439649834974,0.0,0.0,3.994747548104213,35.82511336894188
009200,4.4232654747421565,28.711819520035288,2.0346958714985637,4.095966956317451,0.0,2.075649280204211,3.68811954255957,28.679145344527438,0.08130736340671113,0.0,5.153692776913365,37.241146943986834
008900,6.472601621739151,21.011643840897715,1.2359790494645715,2.9761437062511797,0.0,1.2113390868343492,5.429084229697988,35.02443660482907,0.0,0.0,4.49046181369473,40.68279806641798
009000,5.455199088895549,35.195782385070025,1.8331136658890637,1.9286694100397943,0.0,0.0,3.8086050047839,45.395902304939895,0.0,0.0,5.948981940559587,47.1094479869585
009100,5.5163916655445995,32.26746953298994,2.537890862145276,1.0529920206433854,1.9023464860528905,0.6229777809707604,11.690674653946221,34.40028564890603,1.4076733401676893,0.0,6.738592865833909,43.63560667242597
009300,6.186765669892566,26.346561143123193,1.616353444363386,1.6538308727186561,0.0,0.48488504792121323,6.1026702186931265,37.457515676707956,0.0,0.0,7.085085224775003,57.53821959455655
014900,3.8675757595629405,35.93982604123774,2.068479196617999,7.60146093971321,1.0092928375654275,1.5931224694630783,7.085249581255578,26.767916433328715,0.0,0.0,4.126314071297873,29.175154193722914
006300,9.410837904422566,18.38306022874963,1.8064278837499639,1.121245437739398,0.0,2.2478060382694345,7.506365638557973,52.17606975280273,0.0,0.0,5.299093089451955,54.104037706406324
006400,5.29691116230977,27.752022923469085,2.2654712590587005,1.3030958522787102,0.0,0.0,6.376065028025238,33.10285299823218,1.3447383148541219,0.0,4.513886505374384,41.666292382308995
007900,6.058651949085634,21.45691831986148,2.640851485521413,0.7926483698334033,0.0,0.0,9.56711511061325,26.99208471828038,7.912973894814404,0.0,3.2842464947044125,33.323414963867
008000,3.535337191580464,35.640164762804986,1.980009153489166,0.4017363478534074,0.0,0.0,1.5904561194763485,27.561843495082208,3.9994346575915047,0.0,3.319287009884083,29.034337325332015
007700,7.5923475915991325,30.6887951570885,1.1854041047802426,4.464928453027116,0.0,0.0,8.917759050640207,48.25131142070818,3.6020828165613343,0.5282475754888059,7.212516247788476,58.71410083772504
008100,3.0241370701154406,34.38997558269738,1.9840370528479259,0.9312585991355417,0.0,0.0,5.1577906548403085,20.818361650344233,1.1306473278092135,0.0,3.3130321749151586,25.71060530095785
010600,3.1532802893156906,62.47462385995251,1.5856503517754443,2.841113635719712,0.0,0.0,2.7576923630295336,28.84890606961363,0.171818536581728,0.0,3.036786924320417,27.983458465599803
012200,5.406380049714693,44.02206241726565,1.4797331904963245,1.3618055642355795,0.0,0.0,6.1871897432714675,49.22491924331483,0.0,0.0,6.559974783023639,44.67128874429059
012300,8.307244702340348,17.575020988471465,2.6482908338792615,5.541180396014146,0.0,3.1955910032021757,12.94138103957025,49.27784314242637,3.1612805465953917,0.0,4.236585940985576,38.299281299636284
012400,14.305680241160951,10.275638594035183,1.398046067215671,2.111278234811887,10.000933877637241,0.0,22.09392662457958,57.6955743103511,1.459858048823597,0.0,5.361675807745554,66.26435303155894
012500,19.74741311665015,8.507443431076538,0.6583140750237798,4.012555960947619,27.618521222460526,7.19968621489232,19.021673394861956,92.93731126702427,7.439510074420575,4.056550370954443,7.621211671740174,72.81854654611088
187400,18.65166935825187,35.11750007032025,1.8228931334212037,18.956001486643075,18.252485229644464,9.188618734891286,30.489574997879462,134.92880269891063,9.498330922300392,4.258491416405487,15.915776182056046,137.6103004660012
009400,6.551545304103297,26.863891163168706,0.7631787262263837,0.8836552438691537,0.0,0.0,14.065609873502616,28.30537277014506,0.0,0.0,7.207056809887258,58.04585494310589
009600,11.245324445342872,18.49657615580322,1.7785169380580017,2.121912101014377,6.73423435911462,0.0,15.849236185250943,45.540981967080285,1.8771057098685424,0.0,6.317710252924563,48.53545620310547
012600,8.54227953358313,27.744350798666545,0.5853238565119524,2.996565475809593,0.36885177683317305,3.3136605456195025,3.215471749837622,55.705620554986425,0.2640577281694974,0.0,7.931739831304173,69.8850881503742
012700,10.987495897112396,9.374292465225789,0.7281003856486049,10.805597346309858,8.369678358672232,0.7887187449229887,14.1069463959159,61.587963246036075,5.353528578357237,0.0,4.374780441555601,48.483454967218236
012800,29.594047145722246,7.197393413316525,0.7096021675100799,7.149558582980048,70.9320377891572,11.989495430312784,15.72899796608363,116.76806654735005,10.00519099022325,0.0545495535280051,7.740353501665423,74.16295209009556
012900,11.467632909220706,21.53888269316646,0.7848175880101139,2.3335445458752804,12.560649115843116,0.0,17.833942995225602,67.49549253499268,4.385980378425788,0.40801205022013537,9.067747042857434,81.04847956383453
013000,6.976563709848783,16.340422698221293,0.57334816484987,1.2286310147660628,9.724824546121612,0.0,5.661549990417574,37.46425589858861,4.136406701030787,0.5141230602558297,4.363249663288653,45.065844534733486
013300,6.4667636792900405,17.473964660543434,0.30927371080607846,2.5272236448661047,9.159851742286326,1.6406520556349955,4.046627668152701,33.73432744595033,0.0,0.0,4.351385443618581,32.861403946825384
009700,4.838910003648974,39.265041064356,2.0665811086503156,0.3796219023909932,0.0,0.0,7.017005914592518,35.456385240607595,0.17097587513255127,0.0,6.420233122726186,42.19772662711233
009800,4.773127288082877,27.864331280681046,1.466543751614792,1.5598459750742968,0.0,0.0,3.0859923532927884,33.249251412477534,0.0,0.0,4.341394670051012,36.308304342895184
009900,5.597894445255157,35.191803262203265,1.786385952396105,4.219595722919088,0.0,0.2913510288858053,6.808556727357833,46.54623859536085,0.0,0.0,5.57912443985603,41.863363919389315
013700,3.4213562649357057,40.91944514367342,2.045972257183671,2.861446727373084,0.0,5.313303150721359,4.3975332036547545,24.964576176990853,0.003954752123858819,0.0,4.41912396665203,28.42392093674455
014100,7.212211968687416,36.88188882341052,2.079805760718638,12.042246530222368,16.111573659709816,7.62473529122639,17.4138989792411,46.519852183460245,0.0017760560270102834,0.0,6.035973155917956,63.991888657808985
014300,2.7241421570209194,55.43029375718458,4.037968419397552,12.761832788795747,0.0,0.0,7.783043765229471,19.261942311287754,1.5775703690206764,0.0,3.691464094449143,34.144660577500495
014400,6.37388189044391,50.36177411465086,2.980914978748805,12.555991359657314,0.0,5.86078679116432,25.52213563861388,29.148825795186454,4.4807394969025,0.0,9.27524848694869,63.07967623969713
013600,4.239001875357274,23.590459013791246,1.8872367211032999,3.476557884928332,0.0,6.3101748583741255,3.3714258339787078,21.68733110329324,0.0,0.0,3.378522738130488,26.160377564740607
014600,4.385738815899443,33.51772783802966,2.964152802002623,9.645264057222743,0.0,3.6829051195954885,10.711254764556532,27.1511048906523,2.4660418627273875,0.0,5.001212271781039,32.13154949637467
014700,2.9162944731741463,40.119405319400116,2.4003063011606907,9.475892034681113,0.0,2.116052729495981,6.979643734888566,18.52590441382666,0.33108265742411397,0.0,3.9139134789723213,25.524036404072056
014800,3.7174978150186244,36.31474898373912,1.6139888437217387,12.734115607724606,0.0,2.6981181307627065,4.516299497221532,29.77129353161955,0.0,0.0,4.608358086036917,30.10579913200155
004000,6.916355603961265,29.78447202483571,0.7229240782727114,1.0324809842886427,0.0,2.0816664658089015,6.105686010078004,49.9731369013804,0.992733229194929,0.0,7.036055970532045,51.94912108616141
004100,15.521458410084835,16.42886855492378,1.0308309681520804,3.0547452766056096,0.0,5.083532625498774,7.505186366112597,77.24488740408182,1.9461490412496953,0.0,9.447040543153545,75.90823279245483
004200,7.478777874178727,32.35822805160863,2.5405220371097683,0.5875223032567243,0.0,2.1909846368295924,8.910561865837552,50.56861686928757,0.6949969348555821,0.0,9.472537297590282,60.95946174655081
004300,21.554207751800668,19.764122388790252,1.3454449513495712,1.7938921827419667,8.862485748704573,13.861892619096846,8.891644175298989,131.973369061193,0.0,0.0,15.689479213410443,129.63602873778922
004700,15.599666470202603,18.077309571884552,1.538494431649749,2.1541429549605677,0.0,6.3870129968002765,11.45477617619498,79.24566814940731,0.9910177586703997,0.0,10.145157785652602,83.62302907023597
004800,10.815867044152496,31.805124692798493,2.12650543004176,1.501202840009883,0.0,7.73761368221464,10.631283496830559,74.59450482297883,0.0039034409975581526,0.0,12.519403727781365,86.80183427510681
004900,10.713240723701613,30.616319418114433,1.2134516842545353,0.7019940119561944,0.0,0.0,15.233859389901479,69.80818930358681,0.0,0.0,11.607696490361603,87.38338281885528
005000,12.369462031011501,29.103933469171363,1.2935081541853939,1.7649380358090871,0.0,1.9055543411695295,20.95115470779425,76.49107587713692,0.0,0.0,14.014254621180342,102.87399387364532
005100,26.344620710449934,11.425482390057885,0.9869187446561629,1.651285410294371,0.0,22.70765110230163,20.148307864112844,126.1101459679839,0.0,0.0,11.00107731844564,77.31611600179602
005200,7.441569537557829,27.54795194284737,0.9406617736582029,1.6844905443793194,0.0,5.914231627556487,5.277214157337724,46.98719267359369,0.0,0.0,7.633582947681284,52.225311368021934
005300,7.272848523403371,33.2744452495148,0.5499908305704925,0.3074284577012818,0.0,0.0,13.143703826402257,52.804841663797205,0.0,0.0,8.437268312049511,55.30848620278673
005500,13.953503825449767,23.936640157063497,0.7883324602625702,0.5659222411941902,0.0,2.8945272077685527,21.528219638927848,70.78438005248591,0.9885514414099419,0.2705018998841123,14.014696857771067,104.83912930077611
005600,13.408095465845811,17.89963388993966,0.8949816944969831,2.3531610300619192,0.0,0.0,18.098336278458056,68.98334673244328,3.7139619794770184,0.684623358732789,8.813944229370065,69.02139703241627
005700,8.64128935221235,32.74974236657705,1.0415112413399064,0.35926053930956525,0.0,0.0,11.571850873803287,58.674634434978074,0.0,0.0,9.830759436094445,69.3220712746895
005800,10.974159173131294,26.60796106501913,1.0934778519870876,1.9773332761298203,0.0,0.13467999932143745,17.5590256076815,65.32669525014884,0.0,0.0,11.929505149591504,87.29868841323191
006000,4.492261184505413,29.606470892373768,1.1130252215178107,0.22371704037283305,0.0,0.0,5.179836029774798,30.344786882165717,0.0,0.0,4.182972819515597,36.026895908646225
005400,14.595391188927666,25.967101196130763,0.7536625676977267,2.8199732315244623,0.0,5.98100012126073,15.350283524168846,92.6427280879792,0.0,0.0,12.898456495281255,94.73667344392082
006100,5.644103546373214,26.399232185551305,2.1261126592390314,0.2649817297808647,0.0,0.0,7.8026690349915055,32.20296999567582,2.665284799924055,0.0,5.498304834783406,42.91074642562521
006200,5.097322267121315,29.427215337654463,1.961814355843631,0.0,0.0,0.0,3.5955310243280887,37.6241561568285,0.0,0.0,4.716311273456657,42.59370522773627
006600,10.239622016837396,18.457712568805782,2.2461766618123438,0.3924991714525261,0.0,0.0,14.273755727294509,61.11594733565579,0.0,0.0,6.661014353471637,65.52140777360384
006700,4.379252465217301,17.582909551705697,2.9685431710671955,0.3051304808499788,6.752908385439962,0.0,9.036023585092702,18.147703133156398,0.0,0.0,2.645150911366403,25.957608762574544
006800,6.48220909461488,20.980501865171632,0.9256103764046308,0.36081556437408757,4.776406766980688,0.0,4.463742839693083,39.27589676608063,0.0,0.0,4.820502817654151,49.73570057876549
006900,5.45829519167302,29.496389320536537,0.7328295483363114,1.000698425988649,0.0,0.0,7.714339148914545,33.8858142065619,0.4428933050668331,0.44181539673510156,5.475983152342102,45.10357502809959
007200,9.171509077263003,19.953095881862396,1.526466351617888,1.39106418586014,0.0,0.0,8.273499467761921,52.116612955506014,3.691903145526424,1.3244949390731149,5.288417398739848,52.10101126059124
007300,7.580615057460511,21.76604388289235,1.5829850096648983,3.0008833219375775,0.0,0.0,5.832612669934196,38.902505447829014,4.965237125370503,0.05647543847400655,4.369967961840092,50.67527667806748
006500,5.442014549884393,28.482099520166248,1.2862883654268629,0.17682578901507964,0.0,0.0,3.4334187572280097,40.36218960075602,0.0,0.0,4.737973328586188,46.0811411931142
007400,15.07265174798142,8.425856453361517,1.5259425073016921,1.3151432942207604,0.0,3.143697029846613,10.854082490806453,32.77876315177536,1.5292565301484635,0.0,4.427254709658418,48.521535720765044
007500,7.491674090825216,23.2257834351192,0.8008890839696275,0.6543505311317888,0.0,0.0,8.716808219414576,42.65081783077914,0.0,0.0,8.32507643059449,63.56962132216472
007600,6.278692856493325,31.535226284437776,2.2297634746572164,4.646142308219697,0.0,0.0,9.419474279324536,37.06676583989855,1.0312743710782752,0.0,4.7721494911773865,67.45134698713623
003700,6.889192596044637,23.95055700645285,0.7257744547409956,0.0,0.0,0.0,4.958332836828036,45.404543828165544,0.0,0.0,6.467586814341513,52.135496696435055
003800,7.229331051210494,35.82627468092397,1.6599046184211879,1.5156766677790545,0.0,11.469837948982589,11.482581655678501,44.65857798961969,0.0,0.0,11.458911353488684,58.206487816155814
003900,7.256556850490017,30.317408728789047,0.9646448231887425,1.4264847075712697,0.0,3.5205796463869943,8.914080072663353,45.939252207730014,0.0,0.0,9.311060068775543,55.24127487808173
007800,7.051169776826601,24.67675655347916,2.4109474793629064,1.6351361549563077,0.0,0.0,8.07324602426327,31.758862266457164,3.679577010290044,0.6160645010291326,6.259666343505205,49.11629698434702
019600,14.134782951581437,21.436480562731212,0.7074746060307331,3.0612187175463554,0.0,0.0,20.552391544375666,79.41787062002727,0.0,0.0,11.570710087465725,100.21460259280114
100500,12.229088843124089,16.599764921500142,0.8994946509187269,1.149858848176558,4.104915136815814,3.7537898469800015,3.248849100536876,65.79860860116396,0.0,0.0,6.385925755273414,72.22755203561066
120201,20.170595223055663,4.164477997356528,0.5453483091776405,4.051186372039927,6.460257306430958,3.732311581474476,18.504698623919065,73.50659932378859,5.621250249027286,5.621250249027286,2.1598970148261185,20.77832378149197
120202,19.39515750837025,7.321415149050371,0.8249481858084925,4.865266650528034,11.946129130388112,11.166523843300762,19.469517460937013,87.24666588292217,5.7205035582025054,5.7205035582025054,3.7401448855342037,29.392969042201162
120203,35.09476652971067,9.488594252880626,0.8833225881060043,7.869662769299242,13.97469522470113,13.73325573619936,50.21321446715191,186.08767646755027,0.0,0.0,7.850366934935312,61.42788498149096
120300,9.613034715574269,8.113982972893112,0.3120762681881966,1.3272760593980255,0.0,3.2439647289429563,8.051771120733298,49.885232584693945,0.0,0.0,2.8038979665441186,47.31410137586005
120501,28.271523357147554,2.4052471153029806,0.035371281107396776,0.3389294775837306,0.0,7.835655793033197,16.57973776453973,98.08439976899798,0.12723895902916452,0.0,2.8846603268027367,53.084414300141056
120502,44.05006898063958,4.7673024097260095,0.31782016064840063,2.342098988230941,0.0,14.756852797725786,34.41949012642507,165.63482371779227,7.2028693799177415,0.0,6.864847446914655,53.49883207326889
130100,59.61435107566313,2.600045076449334,0.08387242182094627,1.9101447757372991,0.0,24.303792326901032,15.945063059062948,214.33478243626865,1.9420521902490344,1.5918082541852383,5.037426447973731,20.297626999744814
130200,30.233024114495677,3.7376346994616543,0.0,1.0742589174834776,0.0,11.846138271878758,20.791103550244177,114.55261640910933,0.18676145924620402,0.04902068476867604,3.2268062127050974,13.45875470414472
140100,61.29505914210236,3.540252722440837,0.08157264337421284,0.7869745639338233,0.0,2.420518270756987,31.62597417114176,157.37270710292125,26.1966528234207,0.768110005748983,3.38646753367156,42.08297166605866
140201,50.517464450959785,6.473008959454759,0.13856594102808353,5.559591763653311,0.0,22.414041282408164,38.71685520205605,220.32094862311817,1.7737441259710418,0.9402969551379461,12.430546393331399,138.85197636425892
001300,21.41802943827125,17.321854985271003,0.793723813341259,1.198727449688496,0.0,11.917305825695216,21.200439549361693,113.06293432705229,0.0,0.0,11.960589789686233,97.61256930940182
001400,12.047881118340102,11.537298437349682,0.6640171762503414,1.2247132191509082,4.739841134251239,2.095941036306709,11.59264426600307,42.93076746012257,0.0,0.0,5.768768382525289,56.12976558231883
001500,16.097976610591058,14.225390279753423,0.5590764738767721,0.5493527557396023,10.508811968634054,10.678516782814112,13.416030018959965,69.15726361776133,0.0,0.0,10.29048921437754,88.19243354045263
001600,14.291743375318632,8.886249680310158,0.9795865789318283,2.674404607498489,9.12113660989743,8.670469732518846,10.243361994622862,68.80081358390161,0.0,0.0,5.509017579250712,55.965438546647576
140202,44.79642983876889,3.303834714790463,0.0,1.1779568538755838,0.0,4.870742783542986,27.89930743482759,123.25598109908803,0.46948378446853184,0.0,6.475128688155324,126.3322278163371
150100,145.33013963293962,2.339500951824158,0.04128531091454396,1.7507907725545464,0.0,27.987413762767442,79.62683322990503,334.5405140521608,19.642206264329527,1.1287786066383312,9.825456805657439,106.26789663367349
150301,173.60861035792172,0.5011272184060208,0.0,0.35024386043793915,0.0,43.34262115684483,46.74224261846629,286.60556968026157,9.425325936910417,8.718719842225312,3.1658686678927945,74.41837349836915
001700,14.3576039195152,23.402233540047774,1.8108871191703635,3.1374592251616926,0.0,10.431911719203692,19.60170580046423,77.84618676867886,0.0,0.0,12.714156429085026,90.97695283789777
001800,10.680880763263442,20.316676574685186,1.0298776143849633,0.8720583280377016,6.920699495184842,6.918471566902043,15.029836952957758,50.97967894910248,0.0,0.0,9.76279513649582,68.47247466071221
001900,10.617709177275062,22.321199049908795,1.506916391555024,1.12479359285615,0.0,4.0769448681631495,13.15628345843444,45.505566645896586,0.0,0.0,8.334157524286598,75.89755565291132
002000,11.67614974442397,17.04328947091775,1.1990253899138115,1.4532348348205775,0.0,6.833431630764389,14.749738981669024,51.8823571364246,0.0,0.0,7.38455221930279,63.79157403150457
002100,9.738171365726423,18.689340448510748,2.053773675660522,0.17495116048267878,0.0,5.418171896777311,9.25274912936522,54.75041290845417,0.0,0.0,6.66788463466299,55.684173539440344
016200,5.030932156721514,33.79095457943587,1.987703210555051,3.418073656147027,0.0,3.68127286507502,2.779450544592032,37.437304466681695,1.5375681715994847,0.0,4.847979514401615,37.51427329014098
018700,5.310901974234487,16.757982058749718,0.9414596662218944,1.1021078920653276,0.0,0.0,5.445021037103418,28.459598735893984,0.0,0.0,3.5784329479808834,37.0031746700082
018800,10.115366119840473,9.589371145918518,1.2851734525457807,0.3215927907702847,0.0,2.12216065351728,10.489560949678317,51.17252892436865,1.312025096980752,0.0,3.0284140662628043,28.787553447647007
018900,6.742197621694723,21.951299606492196,1.1865567354860647,4.057877287134545,0.0,8.750589761598661,6.66522080814655,43.6853620397628,0.02148522306379982,0.0,4.6576485910141185,44.15123532807136
019000,27.10918292301312,13.427184472277053,0.9959724745919792,2.4084180546192413,0.0,7.832993295634214,23.638495769563196,121.55400918227673,1.9713552252211148,0.0,13.154736520877933,124.44186273849786
019100,16.97549260315229,14.255845509606091,1.2959859554187356,2.676660620288103,0.0,3.8238661813533774,18.911321335022595,90.84225809677265,0.414626246419518,0.0,9.28165284040804,83.95687233845162
016500,12.434882567490959,17.692165471281196,1.5279597452470124,5.5442125290544135,7.856289546233065,1.9303052809687014,16.185548173954718,57.402504155670314,3.5389999961497027,0.0,7.560033162955588,51.7706671147666
016600,6.947707562255179,25.332096727293973,2.1589855165307363,5.261505767686286,17.335431124935226,2.642783080692094,20.07593265280552,28.480159473989783,1.441175265117034,0.0,5.630730689936224,38.70190632751212
016700,5.272892095223975,37.74019957287731,2.844738661272159,6.112967316084438,0.0,0.17489338250321407,10.168780149885466,41.01710042339055,1.8739460713307126,0.0,6.641541700392,40.74921360675873
016800,5.70663870942862,36.273542191831865,2.803752053474927,7.0786149346521485,0.0,0.0,12.79780826275827,39.447877286350334,3.1413669555568946,0.0,7.203771930513332,46.08607764889701
017000,7.653340796250757,30.96686875829472,1.9599284024237165,1.4013115760190367,0.0,5.486090052730664,5.608927070031815,46.561788592496185,0.0,0.0,8.450487012758604,62.95812177848383
016300,6.108217797540173,34.2161997046284,1.8008526160330736,2.229069106556049,0.0,0.0,6.036577321863631,41.96954801440071,1.1506957524602985,0.0,7.44924561403855,51.16568353168894
016400,5.0236331605487115,38.020292066695774,2.189650328448448,1.2419920775759532,0.0,0.0,10.3527189255254,33.859842404158506,0.0,0.0,6.64973642399631,41.341046696260086
186900,4.7164546251460155,18.022011607366732,1.2721419958141222,3.605880066790329,0.0,7.143400185179611,3.6917090408681252,17.94131983726275,5.832132221540999,0.15648530731222682,1.1522618871715586,16.55665937352079
187300,84.63707541032663,1.0633637748430405,0.0,0.2809473053713096,0.0,21.22409223805301,20.09329991806148,210.53793516930554,5.330366510167783,3.24502430044104,3.85443025059744,58.72466902010089
160203,98.25902414751017,4.0098098207093145,0.1424805520048995,2.482751852841552,15.926516478195076,20.81565056110792,62.97652784934528,256.55292005862015,23.900145077632914,11.599314123519692,13.98508515596843,130.430437672667
000102,70.58916812344265,2.9749606856502826,0.2691631096540732,4.777975963145496,0.0,31.18803569070471,22.69327500414524,322.3648258677032,0.0016048825885774136,0.0016048825885774136,6.543182144222522,138.47652083684133
120101,58.201006145222664,2.663184200170789,0.2920911703413124,1.6993744744310786,39.053253826041455,26.22945326536665,28.01108212538493,164.01031170126453,6.2949829023266695,3.2824531612036894,3.8202591123340017,45.22535036004083
150303,72.15966671807737,1.2195178276503087,0.0,0.5534836760310945,0.0,25.790096611555335,12.553857380786427,162.26938582030817,3.1793111422271507,0.0,3.02860974961525,55.504894208502996
018000,52.082012932190544,5.318534833909875,0.2304058411802112,0.9690391945560912,27.876871948367224,1.3286713144757774,38.956521607555,121.20563763543699,0.7171900296841911,0.0,5.284989566817204,110.39779145500609
120102,56.64141332924116,2.330450323206447,0.1235844868367055,0.2498698094252242,21.694220555395837,14.369917448013544,32.64196620676103,155.37900876153628,18.298179958259944,10.354279099681422,3.00765908811355,32.818485518694025
150304,76.75065094215721,2.241023338416075,0.0,1.6650235394454926,0.0,33.02717774131235,27.715950798614156,191.40375117800843,9.515148021903663,1.6288724639690748,4.336304862887994,61.85160305812594
185600,7.331467742685436,49.92179094904375,2.045975038895236,7.571943452407641,0.0,0.0,6.677580473509111,63.09751037751387,0.06800386249058288,0.0,6.637420534675161,60.548648400343396
186000,6.316617691672312,34.037203214538565,2.6913137425449096,9.988327627645011,3.969532370146052,0.0,11.820710906585337,44.75624567481998,0.0,0.0,5.456380701070388,49.82870394320953
185500,9.584544489464728,22.744951545649798,2.0866928023531925,3.5140972790383507,11.669181733470252,0.4535021559188983,13.145591076746314,52.260498569264776,0.38715293647226395,0.0,7.49545836395945,64.96373239756713
185900,5.231204798291725,32.306133389231434,2.1027660785890285,2.9032918528911282,0.0,5.403375099004353,11.390818445776478,34.32852704498798,0.0,0.0,5.988006062329027,40.753431433185284
185400,7.73229575318241,31.426630299285637,1.6812600571634293,4.494421042802277,0.0,6.1604929673640765,6.086638712031724,56.98234500280334,0.11380027183922456,0.0,7.579732722061599,59.564467119627395
185800,4.762832262104048,40.102189094440845,1.6796728416519726,0.2932000910512727,0.0,0.0,7.004430243128572,34.858862267649705,0.0,0.0,6.41068044468334,39.88033620090751
186200,5.762198093738128,24.469828649804132,2.0825386084939685,3.5333892401007096,0.0,0.14536386000646268,9.321406397647008,29.121094289252866,0.0,0.0,5.526717115212696,42.96926295339927
186400,8.272849244171534,19.703006206094994,2.175792096378588,8.578536031094586,43.12225953315423,0.0,24.323621462413577,30.90810549695551,0.7518903910744632,0.0,4.633396137353353,46.91136184108071
186600,11.05437060926079,15.107146838382267,1.5378532709730452,3.6419573604836506,13.30847361308956,7.60697420756529,15.523557258286674,39.106377462016574,4.5408723808408125,2.456837778447064,5.322624373888668,47.10563078877924
186500,14.199588342581146,30.634690915337295,1.408491536337347,8.140642963842874,15.684721398073194,4.2255837896087485,12.151213635591324,94.34518415201298,4.984675778313243,0.0,13.701295630102996,79.46692049250446
160102,130.51783113666517,2.306198297800574,0.199206497484435,3.1870794736977106,28.488610391083235,35.96452304758684,72.19406078396096,405.7962177979235,5.109379935987325,0.0,10.028924200739475,83.93655745526976
160101,53.515662196465435,4.447296178944026,0.0,0.7703336098384131,0.0,6.23008362672002,25.535564972655052,122.38503174283998,8.286419232046509,7.805741028617369,10.760248693685861,105.53299127396642
160206,20.444276505276097,1.320663022388298,0.0,2.5692363805696576,8.204942986093418,11.433105781240549,0.8460027076258729,67.30340637706549,0.0,0.0,1.2354207026565127,14.046271914230234
019800,22.368846791509025,17.88201259225557,0.8493955981321396,3.1388610802201478,0.0,5.94487221066552,33.60179577448769,101.27925297336607,0.7086919217281384,0.0,15.15009980351327,139.23394464454333
020000,15.258765073862055,21.36476958796824,1.4417942666727035,10.3008836735645,0.0,15.428991250000369,17.323999597167674,114.54783811129136,0.6905319804229662,0.0,8.873794009360223,77.01931724000497
091400,8.757613970512551,16.214462121546248,0.4567454118745422,0.7360200191142454,0.0,1.012194656057413,8.19913104502984,33.56850105499117,1.8375154001447587,0.0,6.9529109650279795,73.39148260348867
019700,20.42176052877913,12.486680550417981,0.29380424824512896,1.8459433146803563,0.0,0.29391482922184975,24.98418041760472,91.71876092764863,0.45735027789594174,0.006954055232804853,11.159862115831709,119.94243268716247
160302,146.16603445461254,1.6214437292789332,0.02052460416808776,1.8237837879255374,39.198847818516725,52.00709746810957,40.44356104087497,294.4841435989346,12.752801798599883,8.706868505388908,10.19964096518333,118.31664417388907
160205,34.97027974282044,3.774633802496253,0.14297855312485808,3.7962438180443927,9.917065951342552,14.419996392453935,10.143109891734087,106.16108322927137,1.0404460575395802,0.32275792798033526,3.1629747510816277,33.214924925285835
160301,211.7750383825407,0.566639019010529,0.0,0.2367707800538236,0.0,44.98958485467011,55.21010923806791,259.9541218735977,33.744231832697324,21.79455270068457,5.309409053442106,95.21847520730583
050104,33.019113566216525,3.482831232564103,0.24228391183054632,0.6710790025183156,0.0,8.159513697455658,38.17802354257797,99.91178398436504,10.312387512665131,1.2587693097087629,2.663359220776301,71.48964877432488
050103,37.31293532107201,2.680035733975779,0.3216042880770935,6.674588744971929,0.0,28.9763510502713,4.177787212839447,191.7953138297856,12.421686705196668,3.227598953262357,3.7424217572737257,86.40925158142836
015900,5.113662618346731,32.85316465682578,1.955545515287249,2.024588133776634,0.0,7.726873203508525,0.0,38.27018237120492,1.1565487406159467,0.0,5.045173721404098,39.23971976365089
015800,4.647364854087591,33.35223397914835,1.9365813278215174,3.6810981064320423,0.0,2.8790533414185275,1.9127785259107428,31.62539449846046,2.452933568492742,0.0,5.44913439624907,35.8702872132043
016100,6.446381856186603,32.26616180057377,2.1717608904232346,2.0179182955340926,0.0,0.0,5.093903841134883,52.65129826049702,1.8533404657633095,0.0,5.802179030330831,47.82549446471621
001000,16.69807744003918,12.935620928554824,1.0180812767844074,1.2070606575504053,0.0,6.40747675711238,14.72607954581408,77.23690097336288,0.0,0.0,7.272016131899766,78.71345384474887
001100,34.407534327903974,6.742709250510043,0.5231412349533654,2.5725309917136254,0.0,7.495658250563796,25.379791558642086,95.30860626447289,0.0,0.0,7.982547149246557,88.31257116960263
001200,13.286444227927989,16.859288772623902,1.5052936404128485,3.1365175560649203,0.0,2.7584414289129735,20.0060100370143,58.328985220799666,0.0,0.0,7.71776332966623,67.38693616444539
